time,ax,ay,az,gx,gy,gz,la_x,la_y,la_z,fox,foy,foz
1570714750,-0.93852705,6.8282633,7.3789296,-0.08522376,-0.2801731,0.54117084,-0.6368576,-0.4165911,0.7757214
1570714750,-0.7517793,6.9000893,6.220136,-0.050068956,-0.13422741,0.4516859,-0.59376204,-0.33039984,-0.39743748
1570714750,-1.7381904,6.349423,5.568913,0.22371235,0.088419646,0.40587813,-1.6663644,-0.89064306,-1.043872
1570714750,-2.633622,6.4404025,5.793968,0.50282013,-0.21625528,0.1022685,-2.6240451,-0.8714894,-0.7374141
1570714750,-1.4939818,6.8330517,5.329493,0.527322,-0.26099774,-0.08735435,-1.532289,-0.58418524,-1.0821792
1570714750,-0.15801731,7.85777,6.066907,0.5784562,-0.26738954,-0.12996623,-0.21068975,0.33039984,-0.22026655
1570714750,0.35434186,7.1490865,4.975151,0.77340555,-0.43570644,0.12570503,0.12928689,-0.24420857,-0.8810662
1570714750,-0.02873042,6.7947445,5.0134583,1.0333381,-0.07244019,0.2418224,-0.110133275,-0.9672575,-1.163582
1570714750,-0.16759412,7.383718,5.463568,0.886327,0.20134112,0.0074570784,-0.38307226,-0.61291564,-0.20590134
1570714750,-0.6991069,8.020576,5.0517654,0.9108289,0.22158176,-0.050068956,-0.40701428,-0.61770403,-0.38307226
1570714750,-1.3311762,8.106767,5.5162406,0.82134396,-0.14701098,-0.18642697,-1.4221559,-0.15322891,0.23463176
1570714750,-0.7038953,9.294291,5.631162,0.8469111,-0.4154658,-0.32385027,-0.7038953,0.93373865,0.5410896
1570714750,0.02873042,9.648633,3.8355112,0.5443667,-0.063917816,-0.3504827,0.12928689,1.2306197,-0.7134721
1570714750,-0.36870706,8.580819,4.1659107,0.70203066,0.6114804,-0.33769912,-0.11971009,0.0,-0.89543146
1570714750,-0.7278373,8.791509,6.3589997,0.89165354,0.33769912,-0.23010413,-0.4357447,0.04309563,1.6232687
1570714750,-0.58418524,9.093178,4.4580035,0.8266704,0.26525894,-0.091615535,-0.272939,0.29688102,0.5506664
1570714750,-1.0534488,7.2592196,3.0071173,1.0897988,0.35900506,0.122509144,-0.39264908,-1.2449849,-1.13964
1570714750,-1.0390835,6.363788,3.3327289,1.4093878,-0.16938221,0.009587673,-0.8858546,-2.801216,-0.45489833
1570714750,0.94331545,9.725247,2.4516625,1.5446806,-0.31106672,-0.204537,1.6232687,0.89543146,-0.91458505
1570714750,-1.292869,8.422802,1.8914193,1.4338896,-0.10972559,-0.13316211,-0.63206923,-1.5035586,-1.0869676
1570714750,-1.067814,9.040505,1.9249382,1.1238883,0.092680834,-0.22264706,-0.7613561,-0.6943185,-0.6799533
1570714750,0.04309563,9.945514,2.087744,1.0951252,0.11824796,-0.35367858,1.0965444,0.36391866,-0.32561144
1570714750,-1.2593501,8.772355,1.8339585,1.1153659,0.40694344,-0.37072334,-0.12928689,-0.30166942,-0.17238252
1570714750,-0.9720459,10.376471,0.5554548,0.9449184,0.0692443,-0.39735577,-0.5315128,0.63206923,-0.80445176
1570714750,-1.043872,9.643845,0.7086837,0.4218576,0.60189277,-0.32811147,0.22026655,-0.58418524,-1.1348516
1570714750,-1.1971009,7.599196,1.9201498,0.09800732,0.5358444,-0.4175964,0.17717093,-1.2641385,-0.2633622
1570714750,-0.36391866,10.5680065,1.5466543,-0.070309594,0.07244019,-0.4452941,0.50278234,0.63206923,0.7182605
1570714751,-0.521936,11.27669,1.4987702,-0.22690825,0.050068956,-0.15766394,0.7326257,1.6472107,0.11971009
1570714751,-1.2114661,9.878476,1.7812861,-0.14594568,0.07244019,0.21305938,0.01436521,0.25378537,0.33518824
1570714751,-1.5370775,9.308656,3.1603463,-0.0010652969,-0.506016,0.4133352,-0.4261679,-0.31603462,1.6519991
1570714751,-1.3120226,10.472239,1.0247183,-0.204537,-0.36965802,0.27165073,-0.31603462,0.8379706,-0.51714754
1570714751,-0.90021986,9.77792,1.8674773,-0.43890235,-0.30041373,0.04261188,0.033518825,0.15801731,0.20111294
1570714751,-0.90979666,9.533711,1.8387469,-0.40055165,-0.26099774,-0.01065297,0.05746084,0.04309563,0.1340753
1570714751,-1.1923125,11.535264,1.9776106,-0.45914298,-0.32278496,0.04793836,-0.2777274,1.9536686,0.090979666
1570714751,-0.93373865,9.782708,1.70946,-0.4857754,-0.19814523,0.07563608,-0.009576807,0.2681506,-0.5506664
1570714751,-0.62728083,9.284714,2.3511062,-0.12783563,-0.14061919,-0.18855755,0.22984336,-0.23463176,0.17238252
1570714751,-0.1436521,9.504981,2.3942018,-0.04154658,-0.05539544,-0.4133352,0.81402856,-0.0047884034,0.21068975
1570714751,-0.81402856,8.628703,3.4045548,-0.3920293,-0.21518998,-0.3462215,0.23463176,-0.8523358,1.13964
1570714751,-1.2593501,8.75799,3.5434184,-0.4857754,-0.67539823,-0.4506206,-0.11492168,-0.6799533,1.1348516
1570714751,-1.6472107,10.91756,2.7246015,-0.5443667,-0.5731298,-0.39842105,-0.41180268,1.5370775,0.1340753
1570714751,-1.910573,10.0269165,2.681506,-0.24821419,-0.1725781,-0.07670138,-0.6512229,0.6847417,-0.023942016
1570714751,-2.4612393,11.631032,1.3263878,-0.01065297,0.39842105,0.04793836,-1.2018893,2.2936451,-1.4030021
1570714751,-2.327164,9.557653,3.3423057,0.034089502,0.5731298,0.3494174,-1.0869676,0.20590134,0.6464345
1570714751,-1.6041151,8.882488,2.2840683,-0.18749227,0.3856375,0.4495553,-0.44532153,-0.46926352,-0.4165911
1570714751,-1.8626889,8.978256,2.9879637,-0.16618632,0.05646074,0.32598087,-0.79966336,-0.37349546,0.23463176
1570714751,-1.6472107,11.324574,2.8634653,0.12144385,0.56354207,0.4538165,-0.6607997,1.958457,0.110133275
1570714751,-0.9911995,10.323798,3.596091,0.4133352,0.8405193,0.46979594,-0.076614454,0.92416185,0.94810385
1570714751,-1.436521,10.16578,4.1132383,0.41440052,0.68072474,0.60934985,-0.4357447,0.92895025,1.8004397
1570714751,-0.40222588,9.950302,1.8866309,0.17044751,-0.064983115,0.7936462,1.1540052,-0.47884035,1.4987702
1570714751,0.79487497,7.311892,5.195418,0.12890093,0.2098635,-0.22690825,1.3838485,-2.15957,2.7389667
1570714751,0.14844051,6.83784,3.9264908,0.6945736,0.064983115,0.30680552,0.7757214,-3.7972038,2.0733786
1570714751,0.6464345,9.126697,4.4101195,0.4452941,-0.088419646,0.1043991,1.3359646,-0.50757074,2.255338
1570714751,0.24899697,9.150639,4.295198,0.4932325,-0.3504827,-0.0042611877,0.7374141,-0.92416185,2.2457612
1570714751,-0.05267244,8.647857,5.425261,0.5582156,-0.36859274,-0.05539544,0.1388637,-1.0247183,1.6184803
1570714751,-0.7661445,8.173804,3.3423057,0.4868407,-0.33876443,-0.08096257,-0.22984336,-1.4891934,1.8052281
1570714751,-2.0111294,8.892065,2.5474305,0.24714889,-0.0085223755,-0.11292148,-1.2976574,-0.91937345,0.842759
1570714751,-1.6998832,11.013328,2.4181437,-0.1747087,0.28869548,0.011718267,-1.364695,0.9528923,0.6847417
1570714751,-0.80924016,11.923124,3.8307228,-0.4527512,0.46020827,0.07670138,-0.38307226,2.2409728,1.7908629
1570714751,-0.9911995,11.152191,3.1411927,-0.5518238,0.47618774,-0.18216577,-0.36870706,1.8100165,1.5227122
1570714751,-0.8379706,9.217676,0.93373865,-0.43251055,0.53371376,-0.40587813,-0.22026655,-0.090979666,-0.7278373
1570714752,-0.60333884,7.7572136,0.9720459,-0.71374893,0.92041653,-0.58484805,0.17238252,-1.661576,-1.2593501
1570714752,-1.4939818,7.3645644,1.364695,-1.0983212,1.0162933,-0.82027864,-0.17717093,-1.8818425,-0.5267244
1570714752,-3.1172507,8.087613,3.1986535,-1.697018,1.3657106,-0.9672896,-0.90979666,-1.5993267,0.23463176
1570714752,-3.7349546,11.415554,2.3463178,-1.3284253,0.39096397,-1.0024444,-2.2888567,2.1739352,-0.36391866
1570714752,-2.5187001,11.535264,0.79966336,-0.9097636,0.43677175,-0.71481425,-0.4261679,2.585738,-2.6240451
1570714752,-2.2457612,7.603985,3.0789435,-0.9672896,0.87886995,-0.5219955,0.07182605,-1.2114661,-0.5267244
1570714752,-2.231396,7.3406224,3.107674,-0.9822038,1.0929947,-0.44209823,0.34955344,-1.4173675,-1.0486604
1570714752,-2.3750482,8.513782,4.1276035,-0.77447087,1.2932705,-0.4868407,0.4309563,-0.009576807,0.17238252
1570714752,-2.9831753,9.864111,3.5865142,-0.8224092,0.8426499,-0.3877681,0.062249243,1.4700398,-0.46926352
1570714752,-2.3223755,8.422802,2.5139117,-0.9481143,0.3504827,-0.12890093,0.8523358,0.16280572,-1.7190368
1570714752,-1.163582,7.905654,3.2513258,-0.83306223,0.32811147,0.14914156,2.0446482,-0.22984336,-1.1779473
1570714752,-1.1109096,7.8290396,3.6248214,-0.61787224,0.29295665,0.37498453,2.0590134,-0.25378537,-1.0295067
1570714752,-1.9297266,8.0684595,3.4093432,-0.21518998,0.21838588,0.65089643,1.1444284,-0.0047884034,-1.2210429
1570714752,-3.074155,7.6231384,4.4723687,-0.0085223755,0.089484945,0.8980453,-0.16280572,-0.51235914,-0.16280572
1570714752,-4.43885,6.83784,5.6215854,-0.058591332,-0.17151281,1.14839,-1.7956513,-1.3790601,0.9720459
1570714752,-4.903325,6.6893997,4.999093,-0.07563608,-0.009587673,1.3763636,-2.5953147,-1.6089035,0.31124622
1570714752,-6.6654577,7.9152308,4.9655743,0.7723403,0.9140248,1.2623769,-4.630386,-0.521936,0.40701428
1570714752,-4.256891,7.541735,6.933608,0.64450467,0.8224092,0.08202787,-2.2601264,-1.0390835,2.6288335
1570714752,-6.066907,13.129802,3.7014358,0.36007038,1.3422742,-0.5901745,-3.8259344,4.5202527,-0.4261679
1570714752,-0.7565677,17.33402,2.5809495,0.8405193,-0.1054644,0.01065297,1.6472107,8.6574335,-1.3120226
1570714752,2.5234885,12.703634,6.4164605,-0.49642837,-0.74890375,0.21732058,4.7788267,3.9695864,2.5570073
1570714752,-2.633622,5.6407394,1.8435353,0.10120321,-0.1384886,0.009587673,0.6368576,-2.4229321,0.08619126
1570714752,0.5746084,7.1586633,-0.8331822,0.9960526,-0.5827174,0.37391922,2.6862943,-1.6519991,-4.5777135
1570714752,1.4460979,7.867347,3.3183637,-0.0042611877,-1.5137869,0.5688686,3.2225955,-1.3024458,0.110133275
1570714752,2.7581203,9.983821,6.2488666,0.19814523,-1.1590431,0.2087982,4.3766007,1.0821792,2.4612393
1570714752,1.163582,6.7324953,4.7884035,0.64663523,-1.833376,-0.20347172,2.9496565,-1.5801731,1.0630256
1570714752,-0.18674773,7.929596,4.2281604,0.18536167,-2.3564367,-0.556085,1.163582,-1.3982137,0.32561144
1570714752,-2.920926,8.662222,2.6001031,0.07350549,-2.1774669,-0.36113566,-1.2880806,-0.6655881,-0.9911995
1570714752,-3.3854012,9.945514,2.255338,0.2780425,-1.7279116,-0.21945117,-2.2170308,1.0965444,-1.2737153
1570714752,-1.2306197,9.753978,3.4859576,0.6125457,-1.434955,-0.2759119,-0.91937345,0.7565677,-0.62249243
1570714752,-0.01436521,9.016563,3.4237084,0.6189375,-1.7982212,-0.33876443,0.80924016,0.0,-0.1388637
1570714752,-0.7326257,8.75799,3.8307228,0.6072193,-1.5777048,-0.16512102,-0.4357447,-0.7278373,-2.0829554
1570714752,-2.27928,8.75799,1.8962077,0.57739097,-1.4274979,-0.15127216,-1.4317327,-0.8283938,-1.0486604
1570714753,-2.801216,9.006987,3.0023289,0.7659485,-1.1132354,-0.07244019,-2.0685902,-0.18195933,0.41180268
1570714753,-2.6288335,9.155427,3.7253778,0.8948494,-0.8735435,0.058591332,-2.0925324,-0.29209262,0.5602432
1570714753,-1.4556746,9.3421755,5.6120086,1.0684928,-0.674333,0.34302562,-1.9776106,-0.5363012,-0.023942016
1570714753,-0.7278373,7.8290396,5.1906295,1.022685,-0.91828597,0.49962425,-0.5554548,-1.3311762,2.4468741
1570714753,-0.5315128,6.50744,3.3854012,0.8405193,-1.0184239,0.07989727,-0.39743748,-3.122039,1.3311762
1570714753,-0.10534488,8.221688,4.486734,0.56354207,-0.9118942,-0.26419365,-1.0007763,-2.408567,-0.11492168
1570714753,0.78050977,8.825027,5.3103395,0.45914298,-1.1643696,-0.060721926,0.2681506,-0.7422025,3.643975
1570714753,-1.0630256,8.532935,6.1387334,0.29934844,-1.5478765,-0.40055165,-0.59855044,-0.5793968,4.6255975
1570714753,-4.261679,5.4539914,2.7820623,-0.3898987,-0.5976316,-0.60615396,-4.084508,-4.0222588,1.1875241
1570714753,-3.098097,6.2967505,1.733402,-1.4392161,0.4570124,-0.5688686,-2.9161377,-3.3087866,-0.22026655
1570714753,-0.9768343,9.648633,3.1651347,-1.7982212,1.3113805,-1.3326864,-0.9672575,-1.4748282,-0.272939
1570714753,-2.7150247,18.511967,6.0764837,-1.804613,1.736434,-1.765197,-1.1540052,8.676587,1.5658079
1570714753,-4.309563,16.31409,2.1212628,-1.6916915,-0.011718267,-1.259181,-2.753332,7.240066,-1.2593501
1570714753,-3.4332852,9.907207,-1.4030021,-1.3902125,0.3835069,-0.83306223,-1.6089035,1.0342951,-5.1666875
1570714753,-4.0078936,8.169016,0.92895025,-1.3699719,1.2101773,-0.7329243,-1.8818425,-0.48841715,-3.1555579
1570714753,-2.504335,6.579266,4.927267,-1.1505207,0.8224092,-0.98859555,-0.01436521,-1.8579005,0.59855044
1570714753,-1.1444284,7.9008656,1.5945383,-0.85436815,0.49749365,-1.2463974,1.7046716,-0.31603462,-2.9352913
1570714753,-1.4652514,9.452309,1.9680338,-0.50495076,0.7883197,-1.0248157,1.757344,1.4269443,-2.6527755
1570714753,-2.0446482,10.079589,2.9783869,-0.42931467,0.6977695,-0.54117084,1.4652514,2.1883004,-1.6711528
1570714753,-1.2497733,8.1881695,3.9264908,-0.41013932,0.10013791,-0.045807768,2.3750482,0.38307226,-0.770933
1570714753,-0.521936,7.3789296,2.8921957,-0.36113566,-0.25354066,0.37072334,3.016694,-0.39743748,-1.9153614
1570714753,-1.4030021,7.321469,3.5482068,-0.04261188,-0.14488038,0.800038,1.9680338,-0.49320555,-1.3215994
1570714753,-3.5673606,7.015011,4.232949,0.23862651,-0.1725781,1.2314832,-0.46447513,-0.91937345,-0.61770403
1570714753,-7.1395097,6.4499793,5.0661306,0.30893612,-0.0010652969,1.5137869,-4.3957543,-1.6472107,0.2633622
1570714753,-9.016563,5.9280434,5.6646814,0.56673795,0.6455699,1.5819659,-6.6079965,-2.3558946,1.0007763
1570714753,-7.029376,5.6215854,6.679823,0.7286631,0.7957768,1.0706234,-4.8506527,-2.8491,2.2457612
1570714753,-4.247314,6.991069,7.086837,0.42718408,1.4381509,-0.13422741,-2.0207062,-1.5753847,2.8682537
1570714753,-5.104438,9.423578,3.5625722,0.5347791,2.1646833,-0.01384886,-2.566584,0.81881696,-0.40222588
1570714753,-1.9871874,17.81286,3.1028855,0.7510343,0.058591332,1.13028,-0.8619126,7.479486,-1.484405
1570714753,2.5091233,17.60217,6.6367273,-0.5315832,-0.2865649,0.98433435,4.9081135,10.70687,0.7086837
1570714753,-4.7405195,4.7884035,1.043872,-0.11824796,0.9491796,-1.14839,-1.4173675,-3.074155,-0.24420857
1570714753,3.4620156,10.745177,-4.462792,0.4932325,-0.47512242,-0.12463974,4.7788267,0.6464345,-7.4028716
1570714753,3.9983168,11.583148,5.434838,-0.20134112,-1.571313,1.0993865,6.703765,3.6248214,1.1779473
1570714753,1.1300632,8.169016,5.3486466,0.3440909,-1.7588053,0.7979074,3.5242648,-0.10055647,1.6328455
1570714754,-0.062249243,5.3582234,3.715801,1.0610358,-2.005954,-0.46020827,1.3599066,-3.7110126,0.770933
1570714754,0.61770403,8.585608,1.8962077,0.84158456,-2.4629664,-0.82880104,2.1883004,-0.80924016,-1.8722657
1570714754,-1.1492168,8.628703,3.739743,0.380311,-2.777229,-0.29934844,0.62728083,-0.07182605,0.33997664
1570714754,-2.5139117,7.848193,3.8259344,0.25780186,-2.0506966,-0.2056023,-0.81402856,-1.0055647,1.5993267
1570714754,-2.930503,9.65821,0.19632454,0.3100014,-2.091178,-0.43890235,-1.532289,-0.29209262,0.11492168
1570714754,-2.2026656,10.323798,1.5275006,0.77447087,-1.7396299,-0.45914298,-1.067814,1.436521,-0.866701
1570714754,-2.4516625,9.255983,3.787627,0.88313115,-1.1515859,-0.27165073,-1.910573,0.047884032,-2.7820623
1570714754,-2.8107927,9.485827,1.4939818,0.7307937,-0.8948494,0.012783563,-1.6136919,0.39264908,-0.641646
1570714754,-2.657564,8.504205,3.3997664,0.7638179,-0.6540923,0.30041373,-2.1021092,-0.16759412,-0.06703765
1570714754,-2.1787236,9.011775,4.2999864,0.9960526,-0.5656727,0.36007038,-1.8866309,0.038307227,0.23942018
1570714754,-1.1013328,8.09719,4.879383,1.2037855,-0.9715508,0.47938362,-0.7278373,-0.8379706,2.8491
1570714754,-0.6464345,6.5744777,4.5394063,1.1356065,-1.0759499,0.37072334,-0.39264908,-3.0262709,2.5570073
1570714754,-1.2785037,6.71813,2.9592333,0.94278777,-0.9523755,-0.012783563,-0.90021986,-3.323152,1.4700398
1570714754,-1.6184803,8.0684595,4.8219223,0.57526034,-0.7840586,-0.09907261,-1.460463,-1.6184803,3.3279405
1570714754,-2.1691468,8.298303,5.1140146,0.015979454,-0.58484805,0.068179004,-1.7860745,-1.7908629,3.6056678
1570714754,-2.657564,8.441956,3.7780502,-1.0280116,0.3078708,-0.1043991,-2.5330653,-1.2258313,2.135628
1570714754,-0.17238252,6.622362,3.6583402,-1.9154038,0.71481425,-0.50708133,0.06703765,-2.954445,1.5610195
1570714754,-0.79966336,11.204864,3.5338416,-1.9462975,1.5244399,-1.9814523,-0.110133275,1.7860745,0.8810662
1570714754,-4.630386,19.196709,5.0613422,-1.7193892,1.8323107,-2.3937223,-3.1028855,10.01734,1.958457
1570714754,-6.220136,13.929465,-2.054225,-1.4669139,0.15766394,-1.0482522,-4.1802764,4.984728,-5.5258174
1570714754,-4.027047,7.97748,0.08619126,-1.3305559,1.209112,-0.54649734,-1.7238252,-0.770933,-3.7014358
1570714754,-2.0638018,6.5265937,4.8602295,-1.4765016,1.1824796,-0.9012412,0.5650316,-1.9967642,0.78529817
1570714754,-0.4357447,6.0381765,2.920926,-1.0407951,0.72333664,-1.2815522,2.5953147,-2.2361844,-1.3790601
1570714754,-0.9624691,9.370906,1.2258313,-0.7563608,1.3625147,-1.2858135,2.5330653,1.340753,-3.1890767
1570714754,-1.8291701,10.79785,3.6583402,-0.5486279,1.2123079,-0.81069094,2.0925324,2.9592333,-0.7374141
1570714754,-1.6424223,8.7771435,3.4572272,-0.5539544,0.41226992,-0.34089503,2.4995465,1.0773908,-0.9864111
1570714754,-1.2258313,7.9248075,2.4899697,-0.35367858,-0.122509144,0.11185618,2.9113493,0.272939,-2.0350714
1570714754,-1.5945383,8.034941,2.3942018,-0.04900366,0.045807768,0.3898987,2.6431987,0.37349546,-2.327164
1570714754,-2.743755,7.6470804,3.0550013,0.3898987,0.089484945,0.78192794,1.4508862,-0.023942016,-1.4652514
1570714754,-4.721366,6.38773,3.3854012,0.6700718,0.04154658,1.0674275,-0.60333884,-1.2737153,-1.1875241
1570714754,-6.469133,5.4539914,3.845088,0.6988348,0.4506206,1.2677033,-2.6527755,-2.552219,-0.61770403
1570714754,-8.700529,5.3247046,5.142745,0.6668759,0.44422883,1.3049887,-5.1906295,-3.145981,1.0486604
1570714754,-6.7803793,7.785944,8.183381,0.022371236,0.3472868,0.11824796,-4.4675803,-1.958457,4.7548847
1570714755,-7.1826053,11.477803,5.755661,-0.42611876,1.8759879,-0.63917816,-3.5673606,3.2321723,2.72939
1570714755,-6.445191,12.804191,1.532289,0.87993526,0.98753023,0.2077329,-3.5913026,3.6343982,-2.1930888
1570714755,-0.033518825,17.611748,3.7924154,0.3845722,-0.058591332,0.6935083,2.944868,8.887277,0.14844051
1570714755,-1.7190368,9.198523,4.6782703,-0.12783563,0.25034478,-0.3142626,2.3175871,2.4995465,1.4460979
1570714755,-0.90500826,6.909666,-3.6056678,0.32598087,0.17044751,-0.005326485,1.0007763,-3.016694,-6.2584434
1570714755,0.7517793,10.093954,2.1643584,0.25141007,-0.22477765,0.9523755,3.9073372,1.5705963,-2.4133554
1570714755,-0.009576807,9.016563,5.631162,0.15766394,-0.84584576,1.1590431,3.1603463,0.24420857,2.0350714
1570714755,-0.5746084,6.1626754,4.414908,0.6658106,-0.965159,0.25886714,2.5091233,-1.9009962,1.3455414
1570714755,-1.4939818,6.517017,3.4045548,0.8341275,-1.6075331,-0.5187996,0.9624691,-2.96881,0.79008657
1570714755,-1.1540052,9.040505,2.695871,0.45807767,-1.4189755,-0.20240642,1.5610195,-0.15322891,-0.9576807
1570714755,-3.8259344,8.446744,3.4476504,0.15553336,-1.384886,0.29402196,-1.1013328,-0.5746084,-0.08140286
1570714755,-4.0701427,8.868123,2.6240451,0.36752746,-0.77020967,0.21518998,-2.078167,-0.2873042,-0.32561144
1570714755,-2.384625,9.763555,1.9728222,0.64343935,-0.79045033,0.16831692,-0.5363012,0.6368576,-1.4987702
1570714755,-2.7724855,8.75799,2.2744915,0.81282157,-0.74783844,0.2066676,-0.78529817,-0.40701428,-0.58897364
1570714755,-2.6431987,9.107543,2.6767175,0.81495214,-0.27271602,0.49216717,-0.9624691,-0.51235914,-1.484405
1570714755,-2.5474305,9.730036,3.040636,0.81708276,-0.23649593,0.8042992,-0.89064306,0.37828386,0.58418524
1570714755,-1.757344,8.480263,5.4444146,0.9736814,-0.33024204,0.98007315,-0.38307226,-0.9720459,3.2369606
1570714755,-1.0007763,6.4404025,4.309563,1.1217576,-0.77020967,0.83306223,0.06703765,-3.1124623,2.3798366
1570714755,-0.23942018,5.9519854,2.8682537,0.8714129,-0.6455699,0.40481284,0.62249243,-3.6727054,1.2162545
1570714755,-0.78529817,9.102755,2.7868507,0.51666903,-0.43996763,-0.06604841,0.019153614,-0.5554548,1.3024458
1570714755,0.023942016,12.023681,4.3766007,0.61361104,-0.760622,0.16725162,0.78529817,2.3319526,3.0550013
1570714755,-2.0398598,8.1642275,3.193865,0.15127216,-0.35474387,0.25034478,-1.3599066,-1.5370775,1.958457
1570714755,-2.96881,9.093178,1.4173675,-0.89165354,0.7084225,0.1043991,-2.3127987,-0.59376204,0.047884032
1570714755,-2.6288335,8.461109,3.5003228,-1.912208,1.3230988,-0.06285252,-1.9297266,-1.1540052,1.7046716
1570714755,-2.0398598,6.813898,3.3375173,-2.059219,1.1718266,-1.2506586,-1.0821792,-2.6527755,0.9768343
1570714755,-0.48362875,8.901642,2.4995465,-1.5777048,1.1111047,-2.5908022,1.1444284,-0.34476504,-0.320823
1570714755,-3.1603463,14.853627,2.4851813,-1.1995244,1.2506586,-2.425681,-0.6991069,5.8801594,-0.61770403
1570714755,-6.143522,14.982914,3.2561142,-1.3316212,0.74996907,-1.316707,-3.4093432,6.2728086,-0.095768064
1570714755,-5.2002063,12.018892,1.091756,-1.7225852,1.0493175,-0.30147904,-1.9009962,3.5529952,-2.6001031
1570714755,-2.7820623,3.5865142,3.064578,-1.3966043,0.8810006,-0.6700718,0.7326257,-4.6495395,-0.91937345
1570714755,-1.3838485,6.081272,3.2321723,-1.0929947,0.54117084,-0.9694202,2.2218192,-3.0502129,-0.19632454
1570714755,-2.5234885,9.179369,3.3518825,-0.74038136,1.5627906,-0.95450604,1.9536686,0.94331545,-1.0199299
1570714755,-3.2944214,10.845734,3.5529952,-0.7670138,0.9023065,-0.5869786,0.78529817,3.217807,-0.4213795
1570714756,-2.9017725,8.48984,1.4556746,-0.8298663,0.3920293,-0.039415985,1.508347,1.412579,-3.1364043
1570714756,-1.8291701,7.7572136,2.7246015,-0.6551576,0.3877681,0.47405714,2.7629087,0.23463176,-1.7238252
1570714756,-2.1978772,7.311892,3.0693667,-0.24075711,0.5102772,0.7989727,2.336741,-0.110133275,-1.3694834
1570714756,-2.9352913,7.6949644,2.327164,0.15553336,0.32917675,1.1079088,1.6376339,0.12449849,-2.2505496
1570714756,-4.936844,6.0525417,4.050989,0.419727,0.41653112,1.3507965,-0.47405192,-1.5658079,-0.6655881
1570714756,-7.101202,5.559336,4.9416323,0.39629045,0.70948774,1.5979455,-2.8443117,-2.231396,0.5506664
1570714756,-9.816227,4.31914,6.1100025,0.29828313,1.1153659,1.4967422,-5.8705826,-3.6152446,1.2449849
1570714756,-6.8330517,6.967127,8.647857,-0.4836448,0.6881818,0.014914157,-3.98874,-2.3798366,5.161899
1570714756,-7.4268136,9.744401,2.7581203,-0.2780425,1.8791838,-0.48044893,-3.8355112,1.4317327,0.12928689
1570714756,-5.9280434,14.944607,3.5290532,0.8021686,1.1238883,0.42079228,-3.1794999,5.90889,-1.2689269
1570714756,-0.062249243,17.190369,4.486734,-0.16831692,0.035154797,0.47299185,3.2369606,9.873688,-0.0047884034
1570714756,-3.5529952,7.4124484,2.4516625,0.3398297,0.84478045,-0.36646214,0.91937345,0.7134721,-2.0494366
1570714756,1.733402,9.533711,-1.8100165,-0.089484945,0.43570644,0.31532788,4.8027687,0.24899697,-5.473145
1570714756,2.4037786,10.486604,4.5202527,-0.15553336,-0.6498311,1.1249535,6.191406,2.384625,0.22026655
1570714756,0.90021986,9.174581,6.5936313,0.47405714,-1.5510724,0.94704896,4.903325,1.2880806,3.1507695
1570714756,-1.340753,5.0661306,3.8977604,0.9917914,-1.7747847,-0.117182665,1.6903064,-3.4284968,1.3838485
1570714756,-0.8858546,9.308656,0.78050977,1.022685,-1.7715888,-0.5102772,2.1691468,-0.22505496,-2.8538885
1570714756,-2.5139117,8.078036,4.4244847,0.8096257,-2.2200787,-0.07670138,0.78050977,-0.2777274,0.79008657
1570714756,-4.2425256,7.991845,4.841076,0.61041516,-1.8056782,0.043677174,-1.532289,-0.8475474,1.5753847
1570714756,-4.644751,8.748413,1.6998832,0.8341275,-1.6075331,-0.040481284,-2.0925324,-0.16280572,-1.4987702
1570714756,-3.916914,9.471462,1.6472107,1.1334759,-1.4211061,-0.08522376,-1.4891934,0.46926352,-1.3934253
1570714756,-3.7445314,8.628703,3.466804,1.2005897,-0.8660864,0.033024207,-1.4077905,-0.47405192,0.6703765
1570714756,-3.5003228,8.599973,3.2082303,0.9726161,-0.72759783,0.36859274,-1.2880806,-0.60333884,0.6512229
1570714756,-3.821146,7.848193,3.667917,0.95557135,-0.48044893,0.51666903,-1.7860745,-1.4556746,1.3311762
1570714756,-3.514688,8.51857,3.8163576,1.1388024,-0.5550197,0.6157416,-1.6711528,-0.8858546,1.7477672
1570714756,-1.5705963,5.434838,2.4468741,0.85330284,-0.70735717,0.13422741,0.009576807,-4.4340615,0.7038953
1570714756,-2.0925324,5.923255,0.91458505,0.74570787,-0.6999001,0.0085223755,-0.6895301,-3.6727054,-0.521936
1570714756,-2.4516625,9.3182335,2.9592333,0.5401055,-0.46873066,-0.2056023,-1.0342951,-0.2873042,1.6136919
1570714756,-1.8435353,9.974244,6.847417,0.37285393,-0.81708276,0.117182665,-0.19153613,1.7238252,4.0940847
1570714756,-2.8491,6.5984197,2.7964275,-0.66900647,-0.2801731,-0.02130594,-1.5227122,-3.0214825,1.4508862
1570714756,-2.0111294,6.4547677,3.1651347,-2.030456,0.49749365,-0.4570124,-0.5793968,-3.083732,1.412579
1570714756,-1.8531121,6.3111157,3.6296098,-2.7676415,0.78192794,-1.2858135,-0.1436521,-3.0310593,1.1923125
1570714756,-4.31914,11.856087,3.6535518,-2.3202167,1.7960906,-3.0456839,-1.8674773,2.8682537,0.5793968
1570714756,-9.988609,20.628443,4.10845,-1.4882199,0.9406572,-3.0765777,-6.4978633,12.119449,0.6943185
1570714757,-7.5800424,11.678916,-2.5234885,-1.366776,0.63491696,-0.8767394,-3.6056678,3.5098996,-6.220136
1570714757,-5.81791,5.535394,0.23463176,-1.8674655,1.8525513,-0.75316495,-2.1308396,-2.0638018,-4.1180267
1570714757,-3.9935284,4.759673,6.588843,-1.8078089,1.4860892,-0.99818325,0.25378537,-3.3806129,2.3654714
1570714757,-2.5905263,7.383718,2.5234885,-1.4125837,0.742512,-1.1185617,2.360683,-0.37828386,-0.9864111
1570714757,-2.1978772,9.476251,2.8538885,-1.1025823,1.3220335,-1.0130974,3.0597897,2.0207062,-1.9536686
1570714757,-2.566584,10.82658,2.4229321,-1.0610358,0.80749506,-0.3494174,3.265691,4.477157,-1.6089035
1570714757,-2.8107927,7.321469,2.4277205,-0.8692823,0.5156037,0.3206544,2.7964275,1.3120226,-2.078167
1570714757,-2.801216,6.775591,2.7820623,-0.41866168,0.18003519,0.64237404,2.8443117,0.34476504,-1.8962077
1570714757,-2.777274,6.8282633,2.9496565,0.07137489,0.07883197,0.95663667,2.8395233,0.17238252,-1.661576
1570714757,-4.0414124,6.7324953,2.5617957,0.49429777,0.119313255,1.3145764,1.757344,0.23463176,-1.8626889
1570714757,-5.932832,5.305551,3.2704794,0.73931605,0.29615256,1.600076,-0.3878607,-1.5849615,-1.1683705
1570714757,-9.361329,4.036624,6.435614,0.64876586,0.4175964,1.7918295,-4.1371803,-3.3758245,2.006341
1570714757,-11.511322,2.0590134,9.504981,-0.12570503,0.15553336,0.88845766,-7.1347213,-5.9184666,4.9176903
1570714757,-8.911219,8.662222,5.2385135,-0.7936462,1.2943357,-0.6583535,-4.8267107,0.81881696,1.8291701
1570714757,-9.89763,10.730812,-0.095768064,0.81708276,1.198459,-0.14594568,-4.8027687,1.1013328,-4.027047
1570714757,-4.3047748,19.934124,2.3654714,0.0031958907,0.15127216,0.81921333,-0.30166942,11.343728,-0.19632454
1570714757,-2.360683,10.6398325,3.2992098,-0.04154658,0.07776668,-0.28763017,2.9592333,5.9998693,0.24420857
1570714757,-1.2449849,5.813122,-0.10534488,0.17044751,0.120378554,0.1384886,2.1212628,-3.0550013,-2.2122424
1570714757,0.545878,10.132261,-1.3359646,0.026632423,-0.019175345,1.0461216,5.827487,2.2936451,-6.1004257
1570714757,-0.33518824,9.346964,5.161899,0.5614115,-1.4157796,1.2762257,4.098873,1.4796166,1.685518
1570714757,-1.9153614,6.0238113,6.5122285,0.81921333,-1.0301422,0.53690964,2.0446482,-2.207454,2.9496565
1570714757,-1.2880806,5.861006,4.534618,1.1920673,-1.6821039,-0.5986969,2.5713725,-2.4660277,1.091756
1570714757,-2.2840683,9.32781,1.8818425,0.9747467,-1.9462975,-0.28549957,1.508347,0.94810385,-1.5131354
1570714757,-5.00867,8.494628,4.003105,0.80323386,-1.9505587,0.07563608,-1.3982137,0.02873042,0.60812724
1570714757,-5.3821654,8.66701,2.944868,0.74570787,-1.3529271,0.1395539,-1.9680338,0.11492168,-0.4309563
1570714757,-4.1515455,9.351752,2.2649148,1.022685,-1.2858135,0.1043991,-0.90500826,0.6943185,-1.0103531
1570714757,-3.9600096,8.307879,3.289633,1.3252294,-0.98007315,-0.028763017,-0.82360536,-0.45968673,0.22026655
1570714757,-3.6487634,8.264784,1.9776106,1.1313454,-0.60082746,0.30254433,-0.61770403,-0.62728083,-0.8283938
1570714757,-4.074931,8.805874,3.1986535,1.0024444,-0.4516859,0.56780326,-1.2114661,-0.21068975,0.61770403
1570714757,-4.247314,8.437167,2.72939,1.1441289,-0.4154658,0.703096,-1.5897499,-0.7086837,0.40701428
1570714757,-2.834735,7.07726,5.841852,1.2453321,-0.771275,0.8319969,-0.4357447,-2.2122424,3.8115692
1570714757,-0.45489833,4.841076,3.5242648,1.0695581,-0.87886995,0.52519137,1.685518,-4.5633483,1.7621324
1570714757,-2.7581203,7.7907324,1.4077905,0.6029581,-0.5986969,-0.015979454,-0.6991069,-1.6663644,-0.16759412
1570714758,-3.1794999,10.927136,4.6351743,0.47725302,-0.3877681,0.243953,-1.163582,1.436521,3.1794999
1570714758,-3.040636,9.801862,4.4005427,0.15766394,-0.6871165,0.56993383,-1.1827357,0.641646,4.012682
1570714758,-4.285621,7.4842744,3.347094,-1.0162933,0.2087982,0.27271602,-2.5474305,-2.0350714,1.7717092
1570714758,-3.074155,6.421249,4.390966,-2.0411088,0.6615494,-0.15979454,-1.7525556,-3.0550013,2.1883004
1570714758,-3.217807,5.497087,2.0733786,-2.5300803,0.87993526,-1.2176344,-1.1683705,-3.6343982,0.21068975
1570714758,-4.5920787,7.1634517,2.3415294,-2.0762637,1.890902,-3.12132,-1.5514427,-2.8299465,-0.8762778
1570714758,-8.475474,17.535133,3.9552212,-1.4179102,1.3113805,-3.2630045,-3.8738184,8.2169,0.5793968
1570714758,-8.010999,15.217546,1.8483237,-0.9193513,0.5603462,-1.2975317,-4.5441947,8.169016,-1.9919758
1570714758,-5.827487,7.723695,2.3894134,-2.080525,0.8714129,-0.4889713,-1.4748282,0.90979666,-1.6759412
1570714758,-3.1028855,3.9695864,3.4045548,-2.0432396,0.8820659,-0.9694202,1.1731589,-3.6296098,0.37828386
1570714758,-2.7102363,7.541735,2.27928,-1.4029961,0.9246777,-1.1025823,2.7964275,-0.14844051,-2.4851813
1570714758,-4.189853,9.016563,3.787627,-0.8660864,1.2101773,-0.90869826,1.6136919,2.1308396,-0.8714894
1570714758,-4.5154643,9.299079,2.7102363,-0.82134396,0.43357584,-0.3835069,1.2785037,3.1268275,-1.4652514
1570714758,-3.1890767,7.3071036,2.3798366,-0.5933704,0.08522376,-0.011718267,2.1068976,1.0965444,-2.207454
1570714758,-2.4133554,6.991069,2.9640217,-0.20347172,0.25993246,0.409074,3.3566709,0.7038953,-1.8339585
1570714758,-2.5474305,6.6606693,3.107674,0.14807628,-0.03728539,0.77340555,3.3901896,0.29688102,-1.3263878
1570714758,-4.2521024,5.865794,3.1747115,0.5891092,-0.0692443,1.1398677,1.7477672,-0.59855044,-1.8531121
1570714758,-6.885724,4.841076,3.7972038,0.74038136,0.18323107,1.4637179,-0.9816227,-1.9536686,-0.61291564
1570714758,-11.84651,4.2521024,5.674258,0.74996907,0.47618774,1.4722403,-6.042965,-2.8778305,0.8762778
1570714758,-9.040505,3.5290532,9.404425,-0.22158176,0.25034478,0.3163932,-5.2528787,-4.9176903,5.463568
1570714758,-8.815451,7.216124,4.7309427,-0.7467731,1.1111047,-0.42718408,-4.0174704,-0.35434186,1.541866
1570714758,-7.2927384,7.7811556,0.320823,0.81921333,1.1846102,0.26419365,-1.508347,-0.22026655,-4.5920787
1570714758,-5.7604494,17.113754,5.1906295,0.20240642,0.07670138,0.9278736,-0.641646,9.591172,1.5275006
1570714758,-7.053318,12.684481,2.1499932,0.29402196,0.040481284,-0.4154658,-2.006341,7.627927,-1.2401965
1570714758,-3.8355112,4.7022123,2.6048915,0.6200028,0.55075854,-0.25993246,1.2737153,-2.9257145,-0.8331822
1570714758,3.86903,12.617443,-1.484405,-0.24821419,-0.24821419,1.2421362,9.394848,4.76925,-4.865018
1570714758,-0.24420857,8.801085,6.8761473,0.73931605,-1.4669139,1.5553335,4.1706996,1.685518,3.0693667
1570714758,-2.5234885,6.646304,4.831499,0.8948494,-1.6661245,1.0077709,1.9249382,-1.3455414,1.3024458
1570714758,-1.6519991,5.415684,4.146757,1.1068435,-1.8259189,-0.22477765,2.303222,-2.882619,0.7326257
1570714758,-2.087744,9.504981,1.8291701,1.0993865,-1.7343034,-0.36859274,1.7860745,1.13964,-1.5131354
1570714758,-5.2720323,8.734048,3.0550013,1.1068435,-1.9899746,-0.119313255,-1.5275006,0.2825158,-0.22505496
1570714758,-5.3007627,7.28795,3.5242648,0.7883197,-1.4274979,0.17896989,-1.7381904,-1.2545617,0.29209262
1570714758,-4.735731,9.02614,2.719813,0.9747467,-1.2719646,0.22584295,-1.3599066,0.37349546,-0.4309563
1570714759,-4.4819455,9.279925,2.0733786,1.2240262,-0.98539966,0.14061919,-1.2545617,0.50757074,-0.89543146
1570714759,-4.036624,8.030152,1.5466543,1.1281495,-0.55075854,0.25247538,-0.92416185,-0.8619126,-1.1683705
1570714759,-3.964798,8.523358,2.1739352,0.88952297,-0.35580918,0.5518238,-0.9959879,-0.48362875,-0.31603462
1570714759,-3.8402996,8.259995,3.4715924,0.8639558,-0.11079088,0.6881818,-1.0582372,-0.8619126,1.1875241
1570714759,-3.2465374,8.130709,5.386954,0.98539966,-0.34089503,0.7680791,-0.6847417,-1.1109096,3.347094
1570714759,-2.207454,6.3446345,4.185065,1.0333381,-0.7627526,0.7648832,0.095768064,-3.0119057,2.3894134
1570714759,-1.6472107,6.229713,3.667917,0.7925809,-0.5283873,0.39309457,0.47884035,-3.3375173,1.5179238
1570714759,-3.3854012,9.313444,2.1021092,0.63385165,-0.42611876,0.014914157,-1.3120226,-0.6943185,0.110133275
1570714759,-3.3135753,10.577583,3.4572272,0.60828453,-0.42931467,0.2418224,-1.0199299,0.29209262,3.8786068
1570714759,-4.280833,7.728483,3.5529952,0.0074570784,-0.064983115,0.32811147,-1.9967642,-1.4652514,2.6431987
1570714759,-4.0318356,8.149862,3.41892,-0.9459837,0.49216717,0.11292148,-2.2744915,-1.0199299,1.8914193
1570714759,-1.3838485,7.517793,3.9264908,-1.9026203,0.5784562,-0.35474387,-0.18674773,-2.1021092,1.9871874
1570714759,-0.90500826,5.0278234,2.6623523,-2.198773,0.6881818,-1.5489417,1.2641385,-4.012682,0.94331545
1570714759,-2.8921957,10.989386,3.0358477,-1.8525513,1.3710371,-3.2736576,0.32561144,0.31124622,0.01436521
1570714759,-8.331821,18.018763,1.7956513,-1.5095258,1.0056403,-2.7165072,-3.4380736,8.561666,-2.6048915
1570714759,-10.1226845,11.722012,-0.6799533,-1.5446806,0.13529271,-0.61361104,-6.042965,4.8602295,-3.2609026
1570714759,-6.2632318,5.674258,1.0007763,-1.9260569,0.9790079,-0.47405714,-2.4181437,-1.3599066,-4.1515455
1570714759,-3.2273839,4.879383,6.26802,-1.5574641,0.6200028,-1.1388024,0.90021986,-3.5577838,1.757344
1570714759,-2.6623523,8.0684595,3.1507695,-1.2815522,0.9491796,-1.2868787,2.5234885,0.5793968,-0.90021986
1570714759,-4.074931,9.959879,3.442862,-0.7510343,1.1792837,-1.0866029,1.6663644,2.7724855,-0.8762778
1570714759,-5.434838,9.773131,1.3215994,-0.886327,0.19281875,-0.45914298,0.5267244,3.5769374,-2.6144683
1570714759,-2.9735985,7.4986396,2.4468741,-0.6359823,0.12144385,0.05219955,2.6048915,0.46447513,-2.8778305
1570714759,-2.6479871,6.9623384,3.0071173,-0.22477765,0.16831692,0.43037996,3.1603463,0.49799395,-1.4269443
1570714759,-2.3942018,6.5744777,2.7006595,0.050068956,-0.035154797,0.7989727,3.3997664,0.1436521,-1.5897499
1570714759,-4.4101195,5.1140146,2.992752,0.4474247,0.1747087,1.1057782,1.6136919,-1.2162545,-1.9153614
1570714759,-7.350199,4.132392,3.5194764,0.6317211,0.37178862,1.2751604,-1.292869,-2.7868507,-0.81402856
1570714759,-11.520899,4.5633483,5.243302,0.82027864,0.52519137,1.1718266,-6.363788,-2.695871,1.1348516
1570714759,-9.581595,5.3678,9.184157,0.070309594,0.37072334,0.053264845,-5.741296,-2.9352913,5.3821654
1570714759,-8.805874,8.283937,4.927267,-0.57952154,0.6945736,-0.32704616,-3.6535518,0.90021986,1.0295067
1570714759,-7.264008,12.157756,2.2505496,0.6828553,0.936396,0.10120321,-2.456451,3.667917,-3.2752678
1570714759,-4.793192,15.514427,4.2185836,0.23010413,-0.040481284,0.674333,0.44532153,8.034941,0.6368576
1570714759,-6.6989765,10.132261,3.3758245,0.22690825,-0.18855755,-0.41226992,-1.4748282,2.6479871,-0.21547815
1570714759,-1.1013328,8.853758,-1.3455414,0.46660006,0.019175345,0.14807628,4.1371803,1.3263878,-4.8219223
1570714759,0.59376204,10.395624,2.528277,0.0063917814,0.17683929,1.6320349,5.616797,2.695871,-0.8858546
1570714760,-1.4748282,8.307879,5.1810527,0.6072193,-1.3550577,1.6650591,3.0550013,0.32561144,1.7190368
1570714760,-2.7150247,5.0996494,6.1195793,1.2463974,-0.8767394,0.44103295,1.436521,-3.1172507,2.7485435
1570714760,-2.3511062,4.9943047,3.442862,1.0482522,-1.6884956,-0.40800872,1.6998832,-3.323152,0.19632454
1570714760,-3.514688,9.150639,1.9009962,0.8724782,-1.4882199,-0.13635801,0.46926352,0.78050977,-1.2976574
1570714760,-5.3582234,9.232041,3.0119057,0.79151565,-1.4072572,0.28976077,-1.5466543,0.7661445,-0.15322891
1570714760,-4.927267,8.839393,2.8299465,0.7638179,-0.7957768,0.42505348,-1.3072342,0.2633622,-0.25857377
1570714760,-3.53863,9.059659,2.3654714,1.0418605,-0.89165354,0.3440909,-0.110133275,0.35434186,-0.5793968
1570714760,-3.4715924,8.42759,1.8483237,1.2282873,-0.72014076,0.26525894,-0.17717093,-0.39743748,-0.866701
1570714760,-3.4572272,8.480263,1.6711528,0.96302843,-0.5156037,0.5134731,-0.30645782,-0.46926352,-0.80445176
1570714760,-4.3143516,8.724471,1.163582,0.85436815,-0.18110047,0.6700718,-1.0630256,-0.59855044,-0.21547815
1570714760,-4.0174704,8.346188,3.4332852,0.93000424,-0.14061919,0.7126837,-1.2545617,-0.8379706,1.3982137
1570714760,-3.4093432,7.943961,4.9416323,1.0557092,-0.54649734,0.8437152,-0.4405331,-0.7469909,4.501099
1570714760,-2.303222,5.841852,3.5769374,1.0184239,-0.8064298,0.74996907,0.62249243,-2.9017725,3.9983168
1570714760,-3.0454245,6.1626754,2.3223755,0.5869786,-0.46873066,0.14807628,-0.50757074,-3.6248214,1.4700398
1570714760,-3.0550013,9.734824,3.7684734,0.6231987,-0.312132,-0.0063917814,-1.1109096,0.05267244,1.8674773
1570714760,-2.1164744,9.097966,6.8522053,0.40587813,-0.63065577,0.1725781,0.090979666,0.08140286,6.555324
1570714760,-4.146757,5.7029886,2.7724855,-0.28763017,-0.30893612,-0.16512102,-1.7429788,-3.715801,2.3415294
1570714760,-3.0693667,4.927267,3.2465374,-1.7577399,0.29189137,-0.36220095,-1.1587936,-3.739743,2.2888567
1570714760,-1.3359646,3.7732618,2.8778305,-2.6419363,0.43677175,-0.99392205,0.94810385,-5.5018754,1.2880806
1570714760,-3.6966474,13.215993,5.425261,-2.6706994,1.3220335,-3.1916296,-0.023942016,1.0295067,1.364695
1570714760,-11.827356,25.517403,4.4436383,-1.57877,0.14274979,-3.283245,-7.1107793,16.4338,2.9975405
1570714760,-8.848969,10.879252,-4.8458643,-1.54255,0.32491556,-0.53371376,-4.984728,4.5681367,-8.192958
1570714760,-6.8043213,4.414908,-1.5466543,-2.2797353,2.0102153,-0.39842105,-2.5905263,-2.4229321,-6.603208
1570714760,-4.9895163,2.815581,7.2927384,-2.0443048,1.0589051,-0.84904164,-0.4357447,-5.5737014,2.4899697
1570714760,-3.0023289,7.369353,3.107674,-1.298597,0.4474247,-1.2282873,1.8579005,-0.1340753,-0.5650316
1570714760,-2.4181437,9.255983,2.1691468,-0.9023065,1.259181,-1.2549198,3.1651347,2.2026656,-2.4229321
1570714760,-3.4476504,10.496181,2.7006595,-0.8778047,1.004575,-0.75316495,2.8921957,4.232949,-1.9776106
1570714760,-3.2273839,7.843405,3.1555579,-0.7542302,0.08309316,0.011718267,2.4516625,2.4468741,-1.1492168
1570714760,-2.7964275,7.5561004,2.7341783,-0.28549957,-0.17683929,0.4953631,3.241749,1.4556746,-1.910573
1570714760,-2.9879637,6.8905125,2.5713725,0.15233746,-0.12996623,1.0056403,3.1411927,0.6991069,-1.8626889
1570714760,-5.133168,5.2959743,2.0207062,0.7925809,0.15446806,1.485024,1.0055647,-0.866701,-2.7246015
1570714760,-8.24563,3.691859,2.906561,0.9044371,0.692443,1.7236505,-2.815581,-3.2465374,-1.3934253
1570714760,-11.573571,1.7381904,7.369353,0.56247675,0.6700718,1.6757121,-6.4499793,-5.3438582,2.6431987
1570714761,-8.585608,4.1946416,12.028469,-0.28336897,0.09907261,0.4559471,-3.6487634,-3.323152,8.1163435
1570714761,-8.250419,10.251971,3.107674,-0.7979074,1.3145764,-0.4932325,-3.1747115,2.8778305,-0.90500826
1570714761,-9.270349,10.620679,2.542642,1.0184239,1.2847481,0.0692443,-3.9791632,3.2465374,-1.1827357
1570714761,-8.178593,15.184027,4.5394063,-0.2418224,-0.11185618,0.44103295,-2.9640217,7.6853876,0.9576807
1570714761,-5.3725886,11.722012,-0.79487497,0.52519137,0.17044751,-0.7723403,-0.023942016,4.31914,-4.3766007
1570714761,3.787627,11.535264,-1.388637,-0.15446806,0.5315832,0.90869826,9.155427,4.0701427,-4.7979803
1570714761,-1.0390835,7.8529816,3.4093432,-0.036220096,-0.067113705,1.9313834,3.9552212,0.1388637,-0.01436521
1570714761,-1.541866,6.8330517,3.241749,0.7808626,-1.4232367,1.4413468,2.9496565,-1.1683705,-0.20111294
1570714761,-0.7661445,3.763685,6.9862804,1.0887334,-1.3209682,0.12996623,3.4524388,-4.429273,3.6391866
1570714761,-0.34476504,7.589619,2.1164744,0.85117227,-1.9058162,-0.39309457,3.8355112,-1.70946,-0.32561144
1570714761,-4.0462008,8.418014,3.5434184,0.9523755,-2.138051,-0.18536167,-0.06703765,0.10534488,0.18674773
1570714761,-5.985504,8.595184,4.1515455,0.7552955,-1.8717268,0.019175345,-2.1260512,0.4165911,0.8571242
1570714761,-4.9464207,9.016563,1.5801731,0.9672896,-1.6213819,0.16831692,-1.3551182,0.5267244,-1.7669208
1570714761,-4.477157,8.389283,1.2354081,1.2506586,-1.3369477,0.018110048,-0.78529817,-0.0047884034,-1.2545617
1570714761,-4.5920787,7.7667904,4.0174704,1.2932705,-0.7371855,0.12144385,-0.62249243,0.047884032,-0.033518825
1570714761,-4.295198,9.404425,3.1747115,1.0471869,-0.60082746,0.50495076,-1.1492168,0.31603462,-0.2777274
1570714761,-4.2664676,8.336611,3.6152446,1.0897988,-0.46979594,0.692443,-1.340753,-0.50278234,0.7086837
1570714761,-4.0653543,7.5800424,4.7500963,1.2101773,-0.6274599,0.6999001,-1.5562311,-1.685518,1.7190368
1570714761,-2.5761611,6.196194,4.10845,1.2826176,-1.0077709,0.73612016,-0.30645782,-2.7389667,2.456451
1570714761,-2.4420857,5.78918,2.8491,0.9822038,-0.62639457,0.36752746,0.5602432,-3.3039982,1.1779473
1570714761,-4.2042184,8.628703,2.504335,0.62213343,-0.2418224,-0.060721926,-1.9249382,-1.6280571,0.866701
1570714761,-2.7006595,10.505757,6.3685765,0.4889713,-0.4932325,0.23436533,-0.61770403,-0.019153614,4.2185836
1570714761,-3.466804,6.895301,4.817134,-0.025567126,-0.36859274,0.21518998,-1.0199299,-1.661576,4.122815
1570714761,-3.5865142,5.2624555,3.3135753,-1.0013791,0.07989727,-0.2056023,-1.3982137,-3.6104562,1.9009962
1570714761,-2.0829554,4.3047748,4.76925,-2.2765396,0.19388404,-0.57099915,-0.6847417,-5.185841,0.94331545
1570714761,-2.657564,6.813898,2.8107927,-2.5386026,0.43144527,-2.3702857,0.46926352,-3.4380736,0.48362875
1570714761,-10.692505,22.184673,4.4101195,-1.7460216,0.5997622,-3.5751364,-5.506664,12.545617,2.0159178
1570714761,-11.779472,20.752941,-1.9919758,-1.3731678,-0.014914157,-1.4370855,-7.5704656,15.26543,-3.5673606
1570714761,-8.437167,7.091625,-2.896984,-2.163618,1.6149901,-0.18855755,-4.213795,0.7469909,-7.393295
1570714761,-5.8466406,0.49320555,6.885724,-2.1316593,1.7247157,-0.47086126,-1.043872,-5.7125654,1.2210429
1570714761,-3.107674,5.386954,3.845088,-1.6341655,0.09800732,-1.0013791,1.6950948,-2.480393,0.6991069
1570714761,-2.9735985,8.269572,2.3223755,-1.1398677,1.4317591,-1.2293527,2.4899697,1.067814,-2.60968
1570714761,-3.4332852,11.003751,3.2561142,-0.975812,1.2293527,-0.92680836,2.719813,4.6255975,-1.0965444
1570714762,-4.285621,8.710106,2.5091233,-0.965159,0.5731298,-0.13209683,1.7669208,3.2034419,-2.303222
1570714762,-3.0358477,7.398083,2.930503,-0.5997622,0.16085984,0.26419365,3.1316159,1.3455414,-1.70946
1570714762,-2.6671407,7.2209125,3.4237084,-0.14274979,0.07883197,0.53690964,3.4380736,1.13964,-1.2497733
1570714762,-3.6152446,7.465121,2.0685902,0.2801731,0.03089361,0.9672896,2.3511062,1.2306197,-2.5809495
1570714762,-6.4020953,5.171476,2.8538885,0.7307937,0.25460598,1.2400056,-0.45968673,-0.866701,-1.7669208
1570714762,-8.882488,4.1180267,3.0693667,0.8810006,0.45807767,1.32736,-3.3279405,-2.719813,-1.2354081
1570714762,-10.553641,3.6966474,6.694188,0.7329243,0.47512242,1.0791458,-5.1810527,-3.442862,2.657564
1570714762,-7.3789296,4.582502,8.690952,0.0692443,0.33450323,0.18962285,-2.111686,-2.7102363,4.7884035
1570714762,-8.030152,8.690952,3.5865142,-0.5102772,0.9289389,-0.204537,-2.6527755,1.4652514,-0.29688102
1570714762,-11.133038,13.996503,3.2082303,0.7925809,0.595501,0.068179004,-5.6407394,6.7612257,-0.49799395
1570714762,-7.714118,18.095377,2.8060043,0.063917816,-0.19388404,0.32491556,-2.327164,10.740389,-0.81881696
1570714762,-1.9440918,4.8362875,4.879383,0.66900647,0.3920293,0.11185618,3.4811692,-2.5330653,1.3599066
1570714762,1.3072342,6.9383965,-1.7142484,0.4538165,-0.936396,0.85330284,6.579266,-0.5793968,-5.1523223
1570714762,-2.8203697,8.37013,2.3463178,0.4559471,-0.47938362,1.4285632,2.087744,0.59855044,-1.0726024
1570714762,-3.4093432,8.159439,4.5058875,0.4559471,-0.9577019,0.9108289,1.1300632,0.18674773,1.0390835
1570714762,-2.0398598,7.038953,5.386954,0.91828597,-0.7041613,0.18003519,2.3511062,-1.8243817,2.0015526
1570714762,-1.6807296,7.6949644,4.960786,1.0280116,-1.786503,-0.15446806,2.5474305,-0.91937345,2.9640217
1570714762,-3.9839516,7.383718,2.1068976,0.96089786,-1.8035477,0.05539544,0.062249243,-0.90979666,-1.1971009
1570714762,-5.626374,8.154651,1.8914193,0.95876724,-1.2890093,0.08096257,-1.0295067,-0.36391866,-0.7613561
1570714762,-5.66947,9.41879,2.6240451,0.87460876,-0.8042992,0.22477765,-2.480393,0.89543146,-1.1731589
1570714762,-3.3901896,8.135497,3.1890767,0.9704855,-0.9023065,0.31106672,0.19153613,-0.49320555,0.21547815
1570714762,-2.9640217,7.843405,3.466804,1.0397298,-0.789385,0.25354066,0.31603462,-0.94331545,-0.5267244
1570714762,-3.6535518,8.39886,3.0214825,1.0695581,-0.5571503,0.40694344,-0.22026655,-0.5410896,-0.59376204
1570714762,-4.793192,7.9343843,1.9249382,0.8522375,-0.34089503,0.58378273,-1.5562311,-0.90979666,-0.7469909
1570714762,-4.630386,8.719683,3.0789435,0.7510343,0.019175345,0.73185897,-1.733402,-0.5315128,0.4261679
1570714762,-3.5482068,8.279149,5.195418,0.8980453,-0.064983115,0.9108289,-1.1348516,-0.770933,2.9496565
1570714762,-2.27928,5.717354,4.697424,1.1132354,-0.50068957,0.88419646,0.45968673,-2.9735985,2.9831753
1570714762,-1.685518,5.5641246,3.5482068,0.7169448,-0.28549957,0.3419603,0.7326257,-4.1036615,2.303222
1570714762,-2.858677,9.490616,3.7732618,0.44103295,-0.40481284,-0.01384886,-0.9576807,-0.39743748,1.757344
1570714762,-2.2888567,9.3661175,7.053318,0.4175964,-0.5113425,0.25886714,0.2633622,0.5506664,6.871359
1570714762,-4.237737,6.6846113,4.3478703,-0.15233746,-0.35367858,0.005326485,-1.8818425,-2.4372973,3.8307228
1570714762,-3.7253778,6.133945,3.2513258,-1.7428257,0.46127358,-0.19601464,-1.8818425,-3.2944214,1.7956513
1570714762,-3.064578,4.7405195,2.6862943,-2.7388785,0.7680791,-0.76168734,-0.6512229,-4.367024,1.0151415
1570714762,-4.8506527,9.059659,3.6152446,-2.6504588,1.4093878,-2.8241022,-1.5370775,-1.7238252,0.110133275
1570714763,-8.882488,22.926876,4.4723687,-1.6544062,0.7297284,-3.3343794,-4.3861775,13.28782,1.3072342
1570714763,-7.225701,11.473015,-1.6328455,-1.334817,0.18642697,-1.0578399,-3.064578,5.023035,-4.4005427
1570714763,-6.540959,8.12592,-0.04309563,-2.142312,1.5169828,-0.7414467,-1.9967642,0.89543146,-4.548983
1570714763,-5.645528,2.8491,5.506664,-2.3745468,1.3476006,-0.6935083,-0.6607997,-4.510676,1.3694834
1570714763,-3.8977604,5.9998693,2.72939,-1.6203166,0.28123838,-1.0642316,1.3599066,-0.9576807,-1.7477672
1570714763,-3.0502129,8.528147,2.087744,-1.0269462,1.0589051,-1.2101773,2.542642,1.9249382,-2.528277
1570714763,-3.8546648,10.788273,3.1794999,-0.82134396,0.92148185,-0.9278736,2.0973208,4.4963107,-1.4173675
1570714763,-4.620809,8.571242,2.5187001,-0.75316495,0.43357584,-0.22797355,1.5179238,2.4851813,-2.111686
1570714763,-2.9831753,7.1826053,2.8395233,-0.31319728,0.1054644,0.32278496,3.1507695,1.1300632,-1.8339585
1570714763,-2.3558946,6.694188,3.3758245,0.094811425,-0.07989727,0.653027,3.6727054,0.5315128,-1.2976574
1570714763,-3.6535518,5.803545,2.4133554,0.46873066,-0.1054644,1.0748847,2.1883004,-0.5554548,-2.2266076
1570714763,-6.789956,3.9743748,2.207454,0.7286631,0.49216717,1.3721025,-1.163582,-2.6862943,-2.27928
1570714763,-11.956643,3.6296098,5.1762643,1.062101,0.64876586,1.3539925,-6.531382,-3.3901896,0.9959879
1570714763,-11.530476,4.4819455,9.471462,0.3100014,0.16085984,0.57739097,-6.2728086,-2.7820623,5.5018754
1570714763,-8.394072,7.666234,6.555324,-0.5923051,0.83306223,-0.15979454,-3.0789435,0.4261679,2.60968
1570714763,-8.628703,10.43872,-1.3934253,0.34302562,0.9012412,0.08735435,-3.1890767,3.241749,-5.243302
1570714763,-6.133945,18.02355,3.394978,0.57739097,-0.35580918,0.6711371,-0.7374141,10.67814,-0.23463176
1570714763,-5.0134583,8.6574335,4.453215,0.35474387,0.20027582,-0.25034478,0.34955344,1.2593501,0.8858546
1570714763,-2.480393,5.7987566,2.15957,0.487906,-0.12890093,0.0021305939,1.9967642,-2.0829554,-0.4309563
1570714763,1.0582372,12.167333,-0.7374141,-0.039415985,-0.16512102,1.7630664,6.196194,4.572925,-4.213795
1570714763,-2.681506,7.350199,5.851429,0.4175964,-1.012032,1.6373614,2.4229321,0.0,1.9488802
1570714763,-2.743755,5.81791,5.3199162,0.90869826,-0.87460876,0.53904027,1.5466543,-2.27928,1.8291701
1570714763,-1.7142484,5.1475334,4.4244847,1.191002,-1.5894231,-0.16085984,2.3415294,-3.4715924,2.054225
1570714763,-2.0973208,8.772355,2.4660277,0.9023065,-1.6277738,-0.14594568,2.1930888,0.04309563,-1.3982137
1570714763,-4.7788267,8.676587,2.9592333,0.9033718,-1.7225852,0.22584295,-0.5793968,0.48362875,-0.60812724
1570714763,-5.7365074,8.42759,3.0502129,0.73931605,-1.1185617,0.2791078,-2.3798366,0.20590134,-0.59376204
1570714763,-4.1276035,8.6574335,0.79008657,1.0141627,-1.2868787,0.21305938,-0.521936,0.320823,-0.5746084
1570714763,-2.7006595,8.293514,2.681506,1.0908641,-0.975812,0.09907261,0.5267244,-0.5793968,-1.1300632
1570714763,-3.3087866,8.987833,3.2321723,0.9534408,-0.57099915,0.351548,0.17717093,-0.033518825,0.48841715
1570714763,-4.6399627,8.911219,1.4700398,0.95131016,-0.5592809,0.6647453,-1.4652514,0.110133275,-0.8571242
1570714763,-3.715801,8.566454,3.8163576,1.0418605,-0.29508725,0.70948774,-1.4891934,-0.47884035,0.8810662
1570714763,-3.4141316,7.5465236,4.620809,1.2922052,-0.5241261,0.71055305,-0.38307226,-0.61770403,3.620033
1570714763,-1.4317327,5.731719,5.401319,1.1654348,-0.77873206,0.65622294,0.7326257,-3.4141316,2.906561
1570714764,-2.9640217,6.3063273,1.7812861,0.67220235,-0.46660006,0.064983115,-0.2873042,-3.4237084,0.33997664
1570714764,-2.7006595,9.65821,5.3821654,0.6647453,-0.5486279,-0.07670138,-0.7182605,0.033518825,3.3183637
1570714764,-2.585738,8.231265,6.1626754,0.3398297,-0.7350549,0.23969181,0.05746084,-0.22026655,6.277597
1570714764,-4.213795,6.9623384,3.1651347,-0.3898987,-0.19814523,-0.18749227,-1.9201498,-2.681506,2.1499932
1570714764,-2.873042,6.1626754,3.7684734,-1.7492175,0.22264706,-0.2865649,-0.91937345,-2.882619,1.9488802
1570714764,-2.801216,4.630386,3.040636,-2.5354066,0.33450323,-1.0205544,-0.37349546,-4.7165775,1.316811
1570714764,-4.951209,9.605537,3.514688,-2.4278116,1.3007276,-2.8635182,-1.9776106,0.6991069,0.6799533
1570714764,-10.180145,22.797588,4.7165775,-1.4722403,0.9332001,-3.2438293,-6.205771,14.417883,1.5227122
1570714764,-8.259995,12.220005,-3.7349546,-1.4125837,0.38670278,-0.9960526,-3.8067808,4.1946416,-7.192182
1570714764,-6.253655,6.4308257,-0.19632454,-2.0645454,2.0496314,-0.37498453,-1.4891934,-1.3072342,-3.8833952
1570714764,-5.046977,1.9057846,7.335834,-2.0751984,1.0216198,-0.5912398,0.0,-5.530606,3.4093432
1570714764,-2.384625,7.16824,2.9735985,-1.4083226,0.32704616,-1.0834069,2.8874073,0.07182605,-1.2641385
1570714764,-2.8491,9.174581,2.2840683,-1.1643696,1.3252294,-1.1430637,2.7868507,2.4229321,-2.054225
1570714764,-4.2185836,10.702082,3.098097,-1.1164312,1.122823,-0.62213343,1.7621324,4.2521024,-1.2354081
1570714764,-4.6782703,7.015011,3.3854012,-1.0887334,0.19068815,-0.054330144,1.4269443,0.7565677,-1.0534488
1570714764,-3.4093432,7.043741,3.0454245,-0.70629185,-0.07776668,0.2066676,2.6719291,0.8858546,-1.5658079
1570714764,-3.2082303,7.1155677,2.0685902,-0.31745848,0.09907261,0.4868407,2.8107927,0.9576807,-2.6240451
1570714764,-4.343082,6.603208,2.0446482,0.15766394,0.21838588,0.8309316,1.5705963,0.33039984,-2.6288335
1570714764,-5.9424086,4.6926355,4.012682,0.46233886,0.3824416,1.0354686,-0.16280572,-1.7956513,-0.5315128
1570714764,-7.019799,4.1611223,4.525041,0.40694344,0.506016,1.2432015,-1.412579,-2.5809495,0.1388637
1570714764,-9.222465,5.386954,5.1140146,0.29615256,0.771275,1.4200408,-3.8115692,-1.6280571,0.90500826
1570714764,-10.189722,3.6774938,8.954314,-0.08202787,0.72333664,0.67220235,-4.9320555,-3.53863,4.8985367
1570714764,-7.9870567,6.631939,5.3199162,-0.84584576,0.868217,-0.12144385,-2.657564,-0.51235914,1.2306197
1570714764,-7.991845,9.854534,-1.364695,0.5539544,0.89165354,0.24608359,-2.5570073,2.7150247,-5.329493
1570714764,-5.8083334,18.98602,4.8267107,0.4538165,0.21412468,0.7968421,-1.1204864,9.940725,3.2321723
1570714764,-4.76925,7.9487495,5.1810527,0.28336897,0.070309594,-0.19175345,0.5554548,0.56982,1.5227122
1570714764,-2.9257145,5.2863975,1.7477672,0.49749365,-0.56780326,-0.12463974,2.4372973,-2.111686,-1.7956513
1570714764,1.2066777,10.874464,-4.060566,-0.08522376,-0.37391922,0.78618914,6.4739213,2.5905263,-7.3310456
1570714764,-2.4756045,9.9550905,5.4779334,0.21838588,-0.9417225,1.3593189,3.3135753,2.7389667,0.7517793
1570714764,-4.0414124,7.666234,2.6384103,0.9374613,-1.036534,0.9715508,0.6560113,0.7422025,-0.21068975
1570714764,-2.4708161,4.572925,5.511452,1.2602463,-1.2325486,0.06604841,1.6711528,-3.5242648,2.4037786
1570714764,-1.7429788,8.590396,2.4468741,0.92041653,-1.4626527,-0.09374613,2.7964275,0.08619126,-1.4173675
1570714764,-3.8977604,7.824251,2.834735,0.8650211,-1.6725162,0.035154797,0.51235914,-0.59855044,-0.46926352
1570714765,-5.6982,7.9008656,3.347094,0.70203066,-1.2346791,0.08096257,-1.9536686,-0.58897364,-0.20111294
1570714765,-4.7261543,9.41879,2.3798366,0.8735435,-1.012032,0.17790459,-1.7046716,0.51235914,-1.5179238
1570714765,-3.241749,8.556877,2.4899697,1.0535786,-0.8362581,0.2109288,0.35434186,0.5650316,-0.6512229
1570714765,-3.6152446,8.465898,2.815581,1.0652969,-0.5880439,0.33343795,0.009576807,-0.23942018,-0.36870706
1570714765,-3.9312792,8.949526,2.6479871,0.9736814,-0.31745848,0.5933704,-0.56982,0.11492168,0.29688102
1570714765,-4.060566,8.652645,3.3806129,1.0759499,-0.119313255,0.7286631,-0.9576807,0.18195933,1.0534488
1570714765,-3.7780502,8.413225,5.142745,1.2389404,-0.14914156,0.771275,-1.1779473,-0.7613561,2.087744
1570714765,-2.327164,6.7612257,6.861782,1.1643696,-0.50814664,0.8298663,-0.60812724,-2.4851813,3.964798
1570714765,-1.8674773,4.912902,4.1515455,0.7979074,-0.3398297,0.5347791,0.80445176,-4.256891,1.9871874
1570714765,-3.0310593,8.513782,2.6001031,0.46660006,-0.40481284,0.117182665,-0.7422025,-0.90021986,1.0726024
1570714765,-2.8299465,10.141838,6.325481,0.63065577,-0.43890235,0.16299044,-0.5746084,0.6991069,4.9176903
1570714765,-3.2704794,7.560889,4.209007,0.26632422,-0.47405714,0.15872924,-1.0965444,-1.910573,2.896984
1570714765,-3.8977604,6.95755,3.323152,-0.6668759,0.18110047,-0.20347172,-1.6950948,-2.4899697,1.910573
1570714765,-2.5809495,5.7269306,2.6479871,-1.9452322,0.4495553,-0.43251055,-0.2633622,-3.6296098,0.8475474
1570714765,-2.4995465,4.1515455,2.930503,-2.5215578,0.6668759,-0.98966086,-0.038307227,-4.721366,0.89543146
1570714765,-5.3678,11.8896055,4.7165775,-2.3670897,1.6810386,-3.2949634,-2.0398598,3.1555579,1.733402
1570714765,-9.940725,23.477541,3.2465374,-1.4647833,0.57526034,-2.8177104,-5.923255,15.308526,-0.06703765
1570714765,-8.00621,10.764331,-3.6296098,-1.5830313,0.936396,-0.81921333,-3.3279405,2.9257145,-7.2113357
1570714765,-5.770026,5.803545,2.72939,-2.2264707,2.138051,-0.33769912,-0.7661445,-1.733402,-1.0486604
1570714765,-3.964798,3.9264908,7.0245876,-2.0421743,0.5731298,-0.7627526,1.3120226,-3.2704794,2.96881
1570714765,-2.834735,7.2927384,1.9297266,-1.3699719,0.6711371,-0.93426543,2.6719291,0.4405331,-2.4133554
1570714765,-2.9352913,10.371682,2.6767175,-1.1015171,1.4274979,-0.8298663,2.920926,3.8307228,-1.6903064
1570714765,-4.0414124,10.817003,3.2321723,-1.1601083,0.94704896,-0.12890093,2.0590134,4.501099,-1.1300632
1570714765,-3.4141316,7.015011,2.8203697,-1.0386645,0.19068815,0.28976077,2.303222,1.13964,-1.6136919
1570714765,-3.0885203,6.612785,2.7629087,-0.42292288,0.12144385,0.527322,2.954445,0.40701428,-1.8339585
1570714765,-3.514688,7.216124,2.2601264,0.034089502,0.09374613,0.71587956,2.4277205,0.91937345,-2.3463178
1570714765,-4.7884035,6.5218053,2.657564,0.3494174,0.14914156,0.8522375,1.3790601,0.4309563,-2.054225
1570714765,-6.2632318,5.094861,4.31914,0.50814664,0.2791078,1.0482522,-0.61291564,-1.6089035,-0.07182605
1570714765,-7.2209125,4.9224787,5.2049947,0.38883337,0.33237264,1.2730298,-1.4508862,-1.934515,0.6751649
1570714765,-9.653421,4.8267107,5.070919,0.24075711,0.45914298,1.3401436,-4.4580035,-2.3894134,0.93852705
1570714765,-8.37013,5.865794,7.690176,-0.35580918,0.6498311,0.3504827,-4.0414124,-2.0015526,3.3566709
1570714765,-8.643068,7.2687964,4.309563,-0.43890235,0.8522375,-0.04793836,-3.0885203,-0.05746084,1.0869676
1570714765,-9.974244,11.903971,2.111686,0.62639457,0.7723403,0.019175345,-4.8698063,2.930503,-2.5570073
1570714765,-7.0102224,17.24304,3.9600096,0.088419646,0.7808626,-0.10866029,-2.336741,10.117896,-0.39264908
1570714766,-1.364695,7.144298,4.390966,0.33024204,0.4218576,0.022371236,3.4620156,1.0726024,0.90500826
1570714766,1.541866,8.063671,-0.1388637,-0.15766394,-0.6871165,0.975812,6.2584434,0.15322891,-1.412579
1570714766,-2.4851813,8.12592,1.7764976,0.26206306,-0.7808626,1.4551957,3.4332852,0.8475474,-3.1364043
1570714766,-5.5401826,8.623915,3.3375173,0.6168069,-0.9246777,0.8341275,-0.89543146,0.7230489,-0.1340753
1570714766,-1.6950948,6.0860605,5.3965306,0.98966086,-0.79471153,0.3526133,2.2936451,-0.9576807,1.4030021
1570714766,-0.36391866,7.273585,4.43885,0.85862935,-1.531897,0.033024207,3.940856,-1.1204864,1.5993267
1570714766,-3.0885203,7.632715,2.96881,0.83732337,-1.7002139,0.13422741,1.6472107,-0.34955344,-0.5650316
1570714766,-6.3111157,8.0684595,2.2457612,0.789385,-1.4658486,0.12144385,-2.0015526,-0.3878607,-0.40222588
1570714766,-5.511452,9.193734,1.7956513,0.9534408,-1.2218956,0.23010413,-1.934515,0.7086837,-0.641646
1570714766,-3.2752678,8.805874,1.8100165,1.022685,-1.1558472,0.24608359,0.2777274,0.641646,-0.39743748
1570714766,-2.777274,7.9152308,2.4516625,1.0354686,-0.89165354,0.26632422,0.5506664,-0.7469909,-0.7086837
1570714766,-3.4476504,8.51857,1.067814,0.9917914,-0.6274599,0.42505348,-0.34476504,-0.39264908,-1.6089035
1570714766,-3.9312792,8.853758,2.719813,0.94704896,-0.36646214,0.49855897,-1.0295067,-0.272939,-0.46447513
1570714766,-3.347094,9.461885,4.414908,1.0578399,-0.32811147,0.5656727,-0.50757074,0.4213795,1.8818425
1570714766,-2.2888567,7.9822683,4.5394063,1.2655728,-0.7542302,0.84584576,0.033518825,-0.9959879,2.657564
1570714766,-2.791639,6.0046577,4.6782703,1.0599705,-0.6828553,0.5283873,-0.6464345,-3.6727054,2.3319526
1570714766,-3.8402996,6.3829417,2.5570073,0.85436815,-0.66794115,0.045807768,-1.6041151,-3.0023289,0.80924016
1570714766,-3.2369606,8.825027,4.5777135,0.72333664,-0.47618774,-0.02769772,-1.0103531,-0.59376204,3.016694
1570714766,-2.3319526,8.379706,6.191406,0.48044893,-0.9481143,0.29402196,-0.19153613,-1.0821792,4.7548847
1570714766,-3.9073372,5.1906295,3.6248214,-0.20134112,-0.50814664,-0.04900366,-1.8291701,-4.280833,2.183512
1570714766,-3.8402996,5.5737014,3.265691,-1.6746467,0.15020686,-0.40268224,-1.685518,-3.8307228,1.5227122
1570714766,-2.5330653,4.9895163,2.753332,-2.5215578,0.7808626,-1.022685,-0.16280572,-4.232949,0.4165911
1570714766,-5.3007627,10.534488,4.7740383,-2.8027961,1.804613,-2.662177,-1.5849615,-0.6368576,0.9624691
1570714766,-10.97502,25.239674,2.2840683,-1.3944737,0.3100014,-2.5194273,-6.9862804,16.936583,-1.091756
1570714766,-7.321469,9.131485,-3.643975,-1.4519997,0.85117227,-1.0130974,-2.9879637,1.1204864,-7.2783732
1570714766,-5.257667,5.410896,2.2218192,-2.138051,2.019803,-0.7979074,-0.5363012,-2.2697031,-1.6328455
1570714766,-3.0502129,7.6614456,4.0462008,-1.6426879,-0.045807768,-1.4466733,1.9009962,0.21547815,0.50278234
1570714766,-2.585738,7.699753,2.4181437,-1.3774289,0.036220096,-1.531897,2.4947581,0.7326257,-1.283292
1570714766,-2.9257145,9.040505,1.8962077,-0.8948494,0.78618914,-1.3763636,2.6910827,2.5905263,-2.657564
1570714766,-4.4101195,10.419566,3.193865,-0.81069094,0.7052266,-0.85010695,1.8722657,4.271256,-1.6567876
1570714766,-4.9799395,6.9048777,2.2888567,-0.72333664,-0.17044751,-0.12890093,1.3838485,0.92416185,-2.4133554
1570714766,-3.2034419,6.727707,2.4181437,-0.23862651,-0.19281875,0.15979454,2.6384103,0.82360536,-2.3798366
1570714766,-2.9592333,6.38773,2.1308396,0.26845482,-0.0042611877,0.60828453,3.2561142,0.4261679,-2.566584
1570714767,-4.596867,5.3486466,2.834735,0.7169448,0.23223473,1.0162933,1.6807296,-0.641646,-1.7190368
1570714767,-7.201759,4.2999864,4.0414124,0.6711371,0.6540923,1.3017929,-0.91937345,-2.2744915,-0.59376204
1570714767,-10.879252,4.807557,6.1243677,0.55075854,0.7755362,1.434955,-4.936844,-2.2744915,1.4987702
1570714767,-10.04607,3.3518825,8.207323,0.26632422,0.35900506,0.8948494,-5.0613422,-3.3854012,3.4572272
1570714767,-7.699753,7.1251445,5.865794,-0.8607599,0.93426543,-0.14061919,-2.456451,-0.17717093,2.753332
1570714767,-7.85777,7.4746976,-0.1436521,0.5145384,1.0333381,0.3100014,-1.7477672,-0.7565677,-4.1371803
1570714767,-5.765238,18.2917,2.8443117,0.49003658,-0.20240642,0.95557135,-0.46926352,9.605537,1.6759412
1570714767,-5.2049947,9.916783,4.0414124,0.20347172,0.04154658,-0.4474247,0.19632454,5.046977,0.5267244
1570714767,-4.6926355,5.645528,2.0638018,0.11505207,-0.12783563,-0.26525894,-0.38307226,-2.27928,0.06703765
1570714767,1.3551182,15.26543,-1.3694834,-0.4548818,0.19388404,1.0258809,6.775591,7.1059904,-6.8282633
1570714767,-2.4899697,9.275137,4.960786,0.43464115,-0.70203066,1.4296285,2.3750482,2.054225,0.47884035
1570714767,-1.9536686,5.243302,3.8642416,0.96089786,-0.64663523,0.9044371,2.5330653,-1.934515,-0.7374141
1570714767,-0.33039984,5.803545,4.1706996,0.99392205,-1.5478765,-0.034089502,3.8307228,-2.8634653,1.8052281
1570714767,-1.70946,8.336611,2.6240451,0.7797974,-1.5542682,-0.15127216,3.2561142,0.4261679,-1.1923125
1570714767,-4.9464207,8.882488,4.6255975,0.84584576,-1.7396299,-0.014914157,-0.7613561,0.50757074,0.062249243
1570714767,-5.6120086,8.054094,2.9640217,0.75316495,-1.2719646,0.11505207,-1.8866309,0.05267244,-0.47405192
1570714767,-4.2999864,8.6334915,1.3551182,0.9236124,-1.1292148,0.15127216,-0.59376204,0.20111294,-1.5562311
1570714767,-4.3718123,8.365341,3.98874,1.1696961,-0.5976316,0.094811425,-0.7134721,-0.22505496,-0.29688102
1570714767,-4.7788267,8.671799,3.5194764,1.0812764,-0.25567126,0.37391922,-1.3359646,0.062249243,-1.2306197
1570714767,-4.865018,8.566454,2.954445,1.0109668,-0.21625528,0.6572882,-1.4030021,-0.18195933,0.18674773
1570714767,-4.999093,7.465121,3.1747115,1.1590431,-0.29189137,0.78725445,-1.7525556,-1.4413095,0.6703765
1570714767,-3.7588966,6.555324,5.793968,1.2527891,-0.23969181,0.7542302,-0.7469909,-2.5139117,3.596091
1570714767,-1.6280571,5.161899,3.9456444,0.975812,-0.3483521,0.59656626,1.1683705,-4.036624,2.0207062
1570714767,-1.6807296,7.6135616,3.2848446,0.53797495,-0.4154658,0.28123838,0.9720459,-1.661576,1.5275006
1570714767,-1.8339585,10.754754,4.9320555,0.5262567,-0.3483521,0.40161693,0.7230489,1.4269443,3.289633
1570714767,-3.8498764,9.619903,4.759673,0.46446946,-0.818148,0.4538165,-1.460463,0.22984336,3.2130187
1570714767,-4.865018,6.3781533,2.528277,-0.1022685,-0.04900366,0.19068815,-2.5761611,-3.0310593,1.0007763
1570714767,-4.4196963,7.240066,3.1555579,-1.2826176,0.50921196,0.009587673,-2.2505496,-2.1643584,1.292869
1570714767,-2.8538885,6.0525417,3.9504328,-2.2435153,0.8053645,-0.60508865,-0.4309563,-3.169923,1.6711528
1570714767,-3.1603463,5.923255,2.767697,-2.2754743,1.2432015,-1.9462975,-0.30166942,-3.620033,0.20111294
1570714767,-6.090849,16.634912,2.681506,-1.7662623,1.3199029,-3.2076092,-2.2649148,8.183381,-0.50278234
1570714767,-8.331821,15.705963,1.9536686,-1.3582536,0.54223615,-1.6544062,-3.8402996,8.901642,-0.9624691
1570714767,-8.212111,9.385271,-0.009576807,-1.7950253,0.7084225,-0.45914298,-3.53863,1.6232687,-3.7588966
1570714768,-5.5976434,5.0182467,3.9743748,-2.037913,1.2708993,-0.46553475,-1.3024458,-1.163582,-1.5227122
1570714768,-2.7246015,6.0238113,4.9799395,-1.5073951,0.5582156,-1.0269462,1.958457,-1.6472107,1.2162545
1570714768,-2.791639,7.881712,2.207454,-1.1941979,1.1760879,-1.0461216,2.882619,0.7613561,-2.1739352
1570714768,-4.793192,9.821015,3.5434184,-0.83306223,1.2527891,-0.7648832,1.3263878,2.9831753,-1.0342951
1570714768,-5.267244,8.51857,2.5570073,-0.8735435,0.25886714,-0.24501829,0.50278234,2.72939,-1.5035586
1570714768,-2.777274,7.144298,2.327164,-0.53371376,0.009587673,0.15127216,3.1842883,0.91937345,-2.15957
1570714768,-2.5474305,6.95755,2.5570073,-0.19494934,0.2066676,0.44635943,3.394978,0.7182605,-2.0015526
1570714768,-2.9400797,6.9000893,2.4899697,0.17896989,0.0010652969,0.8277357,3.145981,0.5793968,-1.958457
1570714768,-4.8219223,5.2002063,3.5434184,0.6594188,0.039415985,1.0642316,1.0582372,-1.1300632,-1.1061212
1570714768,-7.335834,4.343082,4.156334,0.53690964,0.26419365,1.1995244,-1.3072342,-2.4181437,-0.21547815
1570714768,-11.18571,4.357447,5.291186,0.41013932,0.7552955,1.0770152,-5.2720323,-2.7485435,0.6703765
1570714768,-8.973468,5.2289367,9.112331,-0.05646074,0.42931467,0.25567126,-4.7644615,-3.040636,4.7884035
1570714768,-8.66701,7.6135616,3.5625722,-0.81708276,0.98859555,-0.16192514,-3.3327289,0.2633622,0.7278373
1570714768,-8.432379,10.486604,1.4269443,0.5475626,1.1782184,0.18536167,-2.906561,2.3511062,-3.3039982
1570714768,-6.105214,17.30529,3.7014358,0.14061919,0.1395539,0.5880439,-0.9864111,9.811439,0.58897364
1570714768,-5.2241483,9.193734,4.3143516,0.32385027,0.035154797,-0.23436533,-0.090979666,3.490746,1.283292
1570714768,-2.4229321,6.6079965,0.5267244,0.32491556,-0.19707993,0.14701098,2.9640217,-0.78050977,-3.0119057
1570714768,0.7134721,9.878476,-1.364695,-0.053264845,0.12890093,1.2368097,5.932832,2.3702598,-4.9081135
1570714768,-2.9975405,8.676587,4.285621,0.47512242,-1.0067056,1.3262947,2.078167,0.7038953,0.94810385
1570714768,-2.8107927,6.8905125,4.31914,1.0056403,-0.4836448,0.65196174,0.9911995,-0.5267244,-0.641646
1570714768,-1.8818425,5.770026,5.2768207,1.1665001,-1.3092499,0.029828314,2.4516625,-2.3558946,1.9153614
1570714768,-1.532289,8.121132,2.6862943,0.9023065,-1.5127217,-0.03089361,2.6671407,-0.095768064,-0.62249243
1570714768,-4.582502,7.345411,3.3327289,0.7659485,-1.5169828,0.089484945,-0.5410896,-0.9576807,0.038307227
1570714768,-6.3302693,8.628703,2.3080103,0.624264,-1.0844723,0.23436533,-2.4612393,0.23463176,-0.9720459
1570714768,-4.405331,9.141062,1.5227122,0.82134396,-1.0589051,0.3398297,-0.7086837,0.641646,-1.685518
1570714768,-3.8498764,8.111555,2.7629087,0.9917914,-0.6988348,0.20240642,-0.30166942,-0.49799395,-0.30645782
1570714768,-3.9600096,8.403648,3.2321723,1.0205544,-0.3835069,0.31745848,-0.5267244,-0.32561144,0.36870706
1570714768,-4.429273,8.571242,2.2266076,0.8692823,-0.30254433,0.5986969,-1.1587936,-0.2825158,-0.4213795
1570714768,-4.185065,8.202535,3.2800562,0.82880104,-0.11505207,0.71374893,-1.1204864,-0.78529817,0.8331822
1570714768,-3.7780502,8.010999,4.367024,0.9822038,-0.19068815,0.7052266,-0.91458505,-1.1013328,2.1547816
1570714768,-2.432509,7.3071036,3.7349546,1.0876682,-0.6295905,0.7797974,0.19632454,-1.934515,1.7812861
1570714768,-1.5753847,6.081272,1.757344,0.8351928,-0.44849002,0.46766534,0.8571242,-3.2609026,0.033518825
1570714768,-2.7629087,9.064447,4.1611223,0.6114804,-0.37498453,0.15979454,-0.4213795,-0.32561144,2.6001031
1570714768,-3.0310593,8.925584,4.4723687,0.62639457,-0.91722065,0.36859274,-0.79008657,-0.51714754,3.0550013
1570714769,-4.012682,6.5601125,3.4620156,-0.11185618,-0.40055165,0.05219955,-1.8483237,-2.9017725,2.0590134
1570714769,-4.185065,5.793968,3.4763808,-1.3816901,0.119313255,-0.30680552,-1.9728222,-3.6152446,1.8243817
1570714769,-2.3702598,4.984728,3.6104562,-2.2584295,0.409074,-0.77340555,0.0047884034,-4.2760444,1.4269443
1570714769,-3.2225955,6.6846113,3.347094,-2.5172966,0.9150901,-2.160422,-0.17238252,-3.3758245,0.3878607
1570714769,-7.6375036,19.182344,4.8506527,-1.9526893,1.0109668,-3.4206684,-3.1986535,8.408437,0.7374141
1570714769,-9.390059,16.108189,-1.3742718,-1.3113805,0.08628905,-1.4008654,-5.803545,10.635044,-3.6822822
1570714769,-6.253655,8.106767,-1.5705963,-1.6746467,1.2645074,-0.66368,-2.087744,0.8619126,-5.9424086
1570714769,-4.3957543,3.8546648,5.9902925,-1.940971,1.2144386,-0.5656727,0.15801731,-2.767697,0.4405331
1570714769,-3.86903,5.765238,3.715801,-1.4093878,0.011718267,-1.162239,1.0342951,-2.2409728,0.1340753
1570714769,-3.9456444,8.619126,1.0534488,-1.043991,0.9406572,-1.2687687,1.5275006,1.2785037,-3.5817258
1570714769,-4.4340615,11.147403,2.9831753,-0.9374613,1.0354686,-0.8234745,1.412579,4.256891,-1.6903064
1570714769,-4.6686935,8.8777,2.3558946,-0.9033718,0.36326626,-0.07989727,1.0295067,3.0310593,-2.2744915
1570714769,-2.6192567,7.144298,2.60968,-0.43144527,0.21732058,0.2780425,3.1411927,1.0247183,-2.3127987
1570714769,-2.3558946,6.799533,3.1364043,-0.03835069,0.16192514,0.5571503,3.6391866,0.51235914,-1.5275006
1570714769,-3.490746,6.603208,2.791639,0.2801731,0.053264845,0.9236124,2.7006595,0.2633622,-1.7381904
1570714769,-6.081272,5.449203,3.2465374,0.55075854,0.14168449,1.2293527,-0.019153614,-0.94810385,-1.1204864
1570714769,-9.581595,4.8219223,3.8738184,0.54330146,0.5539544,1.3433394,-3.5482068,-1.9201498,-0.81402856
1570714769,-10.836157,3.572149,6.9048777,0.53264844,0.6200028,0.93426543,-5.803545,-3.4045548,2.1787236
1570714769,-7.2687964,5.2241483,7.824251,-0.46766534,0.56247675,0.063917816,-2.0207062,-2.7581203,4.3287168
1570714769,-7.690176,7.627927,3.5051112,-0.5891092,1.0482522,-0.1747087,-2.3942018,0.4165911,-0.51714754
1570714769,-7.8769236,12.469003,4.084508,0.7297284,0.72014076,0.4495553,-2.8682537,3.7588966,-1.2497733
1570714769,-6.1530986,16.577452,3.8786068,0.09800732,0.10866029,0.8660864,-0.8810662,9.169792,0.19632454
1570714769,-6.2967505,8.504205,2.6767175,0.5358444,-0.029828314,-0.33343795,-1.0534488,1.067814,-0.01436521
1570714769,-0.2825158,8.1402855,-1.4173675,0.15127216,0.0010652969,0.15020686,4.9895163,0.6751649,-4.975151
1570714769,-0.58897364,9.883265,2.4133554,-0.07989727,-0.0692443,1.4626527,4.477157,2.27928,-1.1444284
1570714769,-1.8626889,8.6095495,5.133168,0.4516859,-1.2272221,1.4679792,2.7629087,0.770933,1.484405
1570714769,-2.7868507,6.339846,5.813122,1.0589051,-0.70948774,0.57099915,1.4939818,-1.7238252,2.231396
1570714769,-1.4173675,7.666234,2.8921957,1.1377372,-1.5734435,-0.046873067,2.695871,-0.5315128,-0.5650316
1570714769,-2.6288335,7.8865004,1.6567876,1.0631664,-1.5340276,0.10120321,1.3215994,-0.4261679,-1.7238252
1570714769,-4.9081135,7.8912888,3.1986535,0.88313115,-1.6128596,0.12463974,-1.1444284,-0.5315128,-0.11971009
1570714769,-5.4204726,8.743625,2.4995465,0.7648832,-1.1696961,0.1736434,-1.8195933,0.22505496,-0.7661445
1570714769,-4.0701427,9.361329,1.5753847,1.0482522,-1.1941979,0.22371235,-0.6368576,0.7326257,-1.5801731
1570714769,-3.7541082,8.09719,1.7525556,1.1569124,-0.74783844,0.15766394,-0.45010993,-0.6464345,-1.2018893
1570714770,-3.5865142,8.269572,2.6527755,0.8980453,-0.46020827,0.3163932,-0.40222588,-0.58897364,-0.090979666
1570714770,-3.9743748,9.074024,2.6192567,0.8426499,-0.3483521,0.4889713,-0.93852705,0.10534488,0.05746084
1570714770,-3.8977604,8.652645,3.5769374,0.8905882,-0.2769772,0.5230608,-1.1827357,-0.6560113,0.7517793
1570714770,-3.0262709,8.508993,5.7029886,1.0312074,-0.3771151,0.5880439,-0.80445176,-0.58897364,3.1890767
1570714770,-2.0350714,5.947197,4.2904096,1.0312074,-0.63065577,0.6189375,0.4405331,-3.3566709,2.432509
1570714770,-2.504335,6.6893997,3.9360676,0.7936462,-0.419727,0.29189137,0.34476504,-2.719813,1.316811
1570714770,-3.289633,9.112331,3.3901896,0.6988348,-0.46660006,0.089484945,-1.0007763,-0.30645782,1.9057846
1570714770,-3.169923,7.872135,6.5696893,0.5177343,-0.54223615,0.18536167,-0.7038953,-0.8379706,4.256891
1570714770,-4.1659107,6.6606693,4.027047,-0.040481284,-0.2418224,-0.044742472,-1.7046716,-2.2505496,3.1555579
1570714770,-4.036624,6.0381765,3.6104562,-1.3444047,0.46766534,-0.19921052,-1.9728222,-3.2609026,2.0494366
1570714770,-2.0254946,4.721366,3.4715924,-2.5098395,0.6210681,-0.419727,0.40701428,-3.8786068,2.4516625
1570714770,-3.4141316,7.005434,2.657564,-2.7282255,1.3966043,-2.3308697,-0.038307227,-3.241749,0.038307227
1570714770,-7.776367,21.935677,3.6822822,-2.0144765,1.0471869,-3.583659,-3.1603463,11.439496,0.8619126
1570714770,-8.207323,14.858416,-1.1971009,-1.2421362,0.1022685,-1.1771531,-4.0701427,9.624691,-3.083732
1570714770,-7.192182,7.5465236,-1.1013328,-2.012346,1.474371,-0.5656727,-2.7246015,0.7613561,-5.4683566
1570714770,-5.60722,2.3223755,5.4061074,-2.3926568,1.3529271,-0.73185897,-0.8283938,-5.377377,0.9959879
1570714770,-3.6104562,6.7229185,3.2944214,-1.56066,0.19601464,-1.1686307,1.316811,-0.545878,-0.272939
1570714770,-3.2082303,8.6574335,2.15957,-0.9726161,1.1238883,-1.277291,2.4947581,1.6519991,-2.566584
1570714770,-3.6535518,11.324574,3.5290532,-0.79471153,1.036534,-0.85756403,2.566584,4.9224787,-1.1540052
1570714770,-4.1611223,8.0445175,2.873042,-0.8820659,0.26845482,-0.16192514,1.8483237,2.4468741,-1.5275006
1570714770,-2.825158,6.981492,2.6288335,-0.44849002,-0.054330144,0.2759119,3.2752678,0.9959879,-2.0111294
1570714770,-2.5761611,7.2304893,2.5091233,0.01384886,-0.068179004,0.65196174,3.4811692,1.0534488,-1.9393034
1570714770,-4.0318356,6.4068837,2.0733786,0.5017549,0.035154797,1.0876682,2.255338,0.45010993,-2.542642
1570714770,-6.4882865,4.606444,3.4380736,0.6668759,0.3419603,1.3571883,-0.38307226,-1.7046716,-1.2162545
1570714770,-9.188946,3.9264908,4.6830587,0.49429777,0.5496932,1.4434774,-3.6966474,-2.9352913,0.33518824
1570714770,-11.022904,3.8163576,7.1490865,0.54543203,0.1374233,1.3209682,-5.779603,-3.3375173,2.96881
1570714770,-7.3071036,6.9958572,7.374141,-0.6540923,0.30360964,0.020240642,-1.8387469,-0.94810385,4.7309427
1570714770,-6.8186865,6.6846113,2.6527755,-0.3206544,1.600076,0.04900366,-1.9249382,-0.02873042,-0.7134721
1570714770,-8.1881695,8.561666,1.733402,0.9491796,1.0557092,0.7180101,-2.8682537,1.283292,-2.1308396
1570714770,-8.63828,21.89737,-0.2825158,-0.094811425,-0.2823037,0.9140248,-3.5673606,14.403518,-4.0701427
1570714770,-5.66947,6.4978633,3.323152,0.6551576,0.67326766,-0.6274599,-0.5650316,-1.0247183,-0.35434186
1570714770,1.316811,7.1969705,0.91937345,-0.23010413,0.16725162,0.2077329,6.5457473,-0.32561144,-2.566584
1570714770,0.23463176,12.904747,1.2354081,-0.16618632,-0.61787224,2.0411088,5.1140146,5.2241483,-2.4181437
1570714771,-2.9496565,6.7229185,4.6495395,0.91722065,-1.7438911,1.4264326,2.3319526,-0.35913026,1.6184803
1570714771,-2.5713725,3.2561142,5.104438,1.0706234,-1.1334759,-0.034089502,1.5466543,-4.879383,1.5035586
1570714771,-0.44532153,9.89763,0.038307227,1.0461216,-1.4711751,-0.28976077,3.6008794,1.6759412,-3.4524388
1570714771,-3.3758245,9.255983,3.040636,0.9907262,-1.7620012,0.060721926,0.5315128,0.93852705,-0.3878607
1570714771,-4.534618,8.054094,4.390966,0.85010695,-1.6267084,0.2056023,-0.45010993,-0.32561144,1.3072342
1570714771,-4.247314,9.083601,2.1404164,0.9278736,-1.3252294,0.2865649,-0.7661445,0.5410896,-1.1971009
1570714771,-4.3957543,9.069236,1.4173675,1.2314832,-1.0993865,0.13209683,-0.7613561,0.272939,-1.1252748
1570714771,-4.074931,8.264784,1.5131354,1.1526513,-0.73931605,0.3078708,-0.8810662,-0.5363012,-1.3934253
1570714771,-3.9935284,8.935161,1.9919758,0.9140248,-0.351548,0.5017549,-0.89064306,-0.023942016,-0.35913026
1570714771,-3.6487634,8.647857,3.3901896,0.95557135,-0.14594568,0.6413088,-0.8379706,-0.3878607,0.78050977
1570714771,-3.3854012,8.058883,4.2760444,1.1143006,-0.39522517,0.7382508,-1.1540052,-1.0534488,1.1540052
1570714771,-2.2936451,7.120356,4.1036615,1.1441289,-0.70735717,0.7510343,-0.33518824,-2.4899697,1.8818425
1570714771,-1.9488802,6.5218053,2.2361844,0.9118942,-0.674333,0.4175964,0.29209262,-3.0071173,1.3455414
1570714771,-3.8402996,8.441956,2.7246015,0.6551576,-0.3451562,0.07244019,-1.6184803,-1.4317327,0.6895301
1570714771,-2.9783869,8.825027,5.2959743,0.6455699,-0.54223615,0.1747087,-1.1779473,-0.58897364,3.3518825
1570714771,-3.016694,7.201759,4.9799395,0.30360964,-0.52945256,0.16831692,-0.9720459,-1.5801731,2.2266076
1570714771,-3.442862,6.363788,2.9352913,-0.84584576,0.10972559,-0.22371235,-1.412579,-2.954445,1.484405
1570714771,-1.9871874,5.4539914,2.6431987,-2.1188755,0.15340276,-0.49642837,0.0,-3.4093432,2.3989902
1570714771,-2.2744915,4.8602295,3.0885203,-2.6131735,0.79151565,-1.6075331,0.45010993,-4.4723687,0.79008657
1570714771,-6.885724,15.897499,4.5777135,-2.2680173,1.3071194,-3.5559611,-2.4708161,5.0661306,3.1747115
1570714771,-11.314998,21.53345,0.5650316,-1.2357445,0.1054644,-2.2083604,-7.3406224,15.126566,-0.23942018
1570714771,-7.1395097,9.035717,-4.0174704,-1.6906263,1.259181,-0.74783844,-3.2704794,1.8531121,-8.106767
1570714771,-5.21936,3.1268275,4.745308,-2.1678793,1.9175345,-0.44849002,-0.521936,-3.572149,-1.067814
1570714771,-3.466804,4.9895163,5.884948,-1.6810386,0.012783563,-1.0535786,1.2976574,-3.098097,2.480393
1570714771,-2.8778305,8.00621,2.0733786,-1.1867408,0.5592809,-1.2581156,2.5234885,0.8283938,-2.2218192
1570714771,-3.7301662,10.836157,2.6479871,-1.0823417,1.2027203,-0.99285674,2.1308396,3.787627,-2.0015526
1570714771,-5.185841,9.44752,2.8107927,-1.1473248,0.7307937,-0.29295665,0.7757214,3.9360676,-1.9297266
1570714771,-3.3183637,6.8761473,2.96881,-0.43464115,-0.0063917814,0.2066676,2.7581203,0.78529817,-1.7286136
1570714771,-3.0550013,6.919243,2.954445,-0.24075711,0.023436533,0.32278496,2.8778305,0.8379706,-1.6998832
1570714771,-3.098097,7.053318,2.3894134,0.05539544,0.036220096,0.5986969,2.858677,0.842759,-2.3175871
1570714771,-4.31914,6.2392898,2.3080103,0.51666903,0.13209683,0.98859555,1.4891934,-0.15322891,-2.3223755
1570714771,-6.421249,4.817134,3.8881836,0.6967042,0.4175964,1.2740952,-0.79487497,-1.8674773,-0.5602432
1570714771,-8.748413,4.1946416,4.357447,0.6658106,0.77873206,1.3870167,-3.323152,-2.801216,0.1388637
1570714771,-11.075577,4.5537715,7.086837,0.8224092,0.6839206,1.0695581,-5.827487,-2.743755,3.1603463
1570714772,-9.485827,8.513782,7.929596,-0.46340418,0.5241261,-0.043677174,-4.2664676,1.1300632,4.1276035
1570714772,-10.280702,12.401965,2.0446482,-0.21518998,0.9619631,-0.53797495,-4.8745947,5.142745,-1.7381904
1570714772,-6.129156,14.609419,2.753332,0.7180101,0.3078708,-0.33876443,-1.5945383,6.9527617,-1.1779473
1570714772,-2.2601264,9.069236,3.667917,0.36007038,-0.08735435,-0.17151281,3.3327289,1.8291701,0.12928689
1570714772,-0.36870706,8.145074,-0.9816227,0.25460598,-0.4218576,0.6913777,5.118803,0.81402856,-4.486734
1570714772,-2.6288335,8.054094,0.3878607,0.2119941,0.08309316,1.636296,2.542642,0.47884035,-3.083732
1570714772,-4.156334,9.442732,4.256891,0.37178862,-0.6828553,1.2400056,0.6368576,1.6280571,0.770933
1570714772,-1.1827357,6.775591,4.6686935,1.2186997,-0.36433154,0.6604841,3.3375173,-1.2545617,1.3263878
1570714772,-0.93852705,5.3821654,5.626374,1.0290768,-1.550007,0.091615535,3.4045548,-2.8107927,2.4420857
1570714772,-3.6296098,6.4164605,2.585738,0.6647453,-1.3998002,0.060721926,0.5602432,-1.8531121,-0.60812724
1570714772,-5.9041014,8.379706,2.585738,0.65196174,-1.1260189,0.2066676,-1.8674773,0.02873042,-0.59855044
1570714772,-5.746084,9.868899,2.1021092,0.65089643,-0.77766675,0.44103295,-1.8770541,1.4173675,-1.0295067
1570714772,-3.7301662,8.99741,2.2457612,0.73931605,-0.6903124,0.4889713,0.04309563,1.0534488,0.12449849
1570714772,-3.53863,7.9104424,1.733402,0.95876724,-0.5816521,0.43464115,0.21068975,-0.89064306,-0.07182605
1570714772,-3.2034419,8.781932,2.4612393,0.9949873,-0.35474387,0.60828453,0.047884032,-0.320823,-0.2681506
1570714772,-3.9743748,9.303867,2.4708161,0.8639558,-0.10652969,0.7691444,-0.63206923,-0.023942016,-0.5363012
1570714772,-4.0462008,9.059659,4.1659107,0.9523755,0.012783563,0.8383887,-1.1587936,-0.15801731,2.0111294
1570714772,-3.1124623,7.469909,5.8226986,1.0684928,-0.3824416,0.98753023,-0.22026655,-1.1444284,4.654328
1570714772,-1.7669208,4.8362875,3.289633,1.0471869,-0.68924713,0.8224092,1.091756,-3.6391866,3.2848446
1570714772,-2.7964275,7.101202,2.3654714,0.5827174,-0.21945117,0.07350549,-0.17717093,-3.0071173,0.58418524
1570714772,-2.054225,9.68694,5.9280434,0.5731298,-0.33343795,0.19281875,-0.2681506,0.58418524,3.6727054
1570714772,-3.2848446,8.643068,5.3725886,0.06178722,-0.32917675,0.2119941,-0.46447513,-0.37349546,4.1659107
1570714772,-4.525041,6.813898,3.596091,-0.87460876,0.11079088,-0.01065297,-2.4181437,-2.4133554,2.1883004
1570714772,-2.992752,5.554548,3.5769374,-2.2871926,0.4825795,-0.26419365,-0.9959879,-3.3566709,2.0829554
1570714772,-2.3319526,3.7924154,2.9496565,-2.7356825,0.68179005,-1.392343,0.10055647,-5.439626,0.81402856
1570714772,-4.280833,14.00608,5.1666875,-2.3074331,1.2474627,-3.386579,-0.6751649,2.528277,1.6089035
1570714772,-10.055647,23.252487,3.98874,-1.4765016,0.2801731,-2.7431395,-5.674258,15.198392,0.90021986
1570714772,-8.848969,11.434708,-2.9975405,-1.9036856,0.556085,-0.68605125,-4.6255975,4.8937483,-6.3350577
1570714772,-7.019799,6.229713,-1.0103531,-2.2733436,1.872792,-0.54223615,-2.2888567,-0.6991069,-6.6271505
1570714772,-4.7405195,1.8626889,5.602432,-1.7694582,0.82880104,-0.8351928,0.320823,-5.2720323,1.1731589
1570714772,-2.2744915,7.5704656,3.6535518,-1.1888714,0.56780326,-1.2336138,2.719813,0.41180268,-0.8379706
1570714772,-3.1124623,9.131485,2.5809495,-0.85330284,0.936396,-1.2027203,2.5761611,2.705448,-2.15957
1570714772,-4.510676,10.352529,1.5370775,-0.8618252,0.7297284,-0.6604841,1.7190368,4.572925,-3.1364043
1570714773,-3.7588966,7.4986396,2.566584,-0.52093023,0.26738954,-0.04900366,2.3798366,1.532289,-2.2170308
1570714773,-2.5953147,6.8665705,3.466804,-0.13422741,-0.08309316,0.35793978,3.4763808,0.8475474,-1.3359646
1570714773,-2.2170308,6.95755,3.3087866,0.31319728,0.031958908,0.63811284,3.7349546,0.80924016,-1.4748282
1570714773,-4.0653543,6.349423,1.1300632,0.60082746,-0.036220096,1.0099015,1.6998832,-0.01436521,-3.596091
1570714773,-6.7085533,4.0797195,3.2082303,1.0056403,0.33769912,1.172892,-1.115698,-2.6001031,-1.292869
1570714773,-10.840945,5.0421886,6.789956,0.91828597,0.10972559,1.0951252,-5.45878,-1.9632454,2.5330653
1570714773,-8.686164,5.645528,7.2687964,0.40161693,-0.10652969,1.0130974,-3.53863,-1.5993267,3.1268275
1570714773,-9.854534,7.785944,4.2664676,0.06285252,0.70735717,0.10972559,-4.793192,0.4309563,0.20590134
1570714773,-12.339716,15.978902,1.5227122,0.46766534,0.9001759,-0.9949873,-7.038953,8.690952,-2.3558946
1570714773,-2.4947581,13.742718,3.1316159,1.1015171,0.25247538,-0.92148185,3.098097,6.5122285,-0.4213795
1570714773,-2.2888567,7.5321584,4.0557775,0.3824416,0.46660006,-0.2098635,3.4572272,0.33518824,0.6799533
1570714773,-2.2649148,9.054871,2.1499932,0.6455699,-0.68498594,0.40161693,3.4141316,1.7717092,-1.1492168
1570714773,-1.3215994,11.176133,-1.7238252,0.31745848,-1.2687687,1.5287011,4.7309427,3.8019924,-4.596867
1570714773,-6.751649,8.121132,4.8506527,0.47192654,-0.11505207,0.8383887,-1.7669208,0.39264908,1.4269443
1570714773,-2.7341783,5.6790466,5.1666875,0.98539966,-0.5283873,0.25460598,0.8379706,-2.336741,0.58418524
1570714773,0.11971009,7.393295,5.0182467,0.40587813,-1.6991487,0.15020686,4.793192,-0.5602432,1.6950948
1570714773,-1.8626889,7.015011,3.4620156,0.32917675,-1.9335139,-0.036220096,3.3997664,-0.7278373,0.51235914
1570714773,-5.2624555,6.7372837,2.9161377,0.47938362,-1.5372235,-0.15020686,-0.45010993,-1.3694834,0.16759412
1570714773,-5.81791,8.772355,2.0494366,0.73185897,-1.3124459,-0.24821419,-1.3263878,0.80445176,-1.2593501
1570714773,-4.19943,8.537724,1.5945383,0.8820659,-1.0951252,-0.37072334,-0.29209262,0.5554548,-2.030283
1570714773,-3.265691,8.959103,2.2170308,1.0088362,-0.9523755,-0.28869548,1.0726024,0.79008657,-0.8858546
1570714773,-3.2513258,8.51857,3.0550013,0.82027864,-0.91295946,-0.119313255,0.9864111,0.22984336,-0.6512229
1570714773,-3.040636,8.585608,2.504335,0.8948494,-1.062101,-0.16405573,1.3742718,0.095768064,0.40701428
1570714773,-3.6391866,8.255207,2.9831753,1.0003139,-0.9779426,-0.08309316,0.18195933,0.2777274,-0.9816227
1570714773,-4.4196963,7.651869,2.2361844,1.1089741,-0.9949873,-0.30254433,-0.5602432,-0.6464345,-1.2641385
1570714773,-4.146757,7.5944076,2.882619,1.3017929,-0.85330284,-0.5102772,-0.22505496,-1.1875241,-0.32561144
1570714773,-2.3750482,8.767567,4.6926355,1.4871545,-0.88313115,-0.8277357,0.9768343,-0.047884032,0.9911995
1570714773,-1.6376339,8.542512,5.329493,1.5563989,-1.3976696,-1.0375992,2.6479871,-0.038307227,3.0071173
1570714773,-1.8195933,9.169792,3.6152446,1.4967422,-1.5233747,-0.8383887,2.1691468,1.043872,2.3989902
1570714773,-0.02873042,7.2831616,5.7748146,0.89591473,-1.628839,-0.7840586,2.834735,1.1061212,2.944868
1570714773,-6.1770406,8.868123,2.360683,0.6200028,-1.8355067,-0.6956389,-1.2880806,0.49799395,0.7613561
1570714773,-8.465898,9.423578,1.1923125,0.37604982,-1.3944737,-0.3440909,-4.5058875,1.0295067,-1.9871874
1570714773,-6.143522,9.548077,1.685518,0.44635943,-1.5095258,-0.74464256,-2.1978772,1.3790601,-1.0630256
1570714774,-3.8402996,7.374141,2.3223755,0.29082605,-1.9835829,-1.3380129,0.56982,-0.61770403,-0.02873042
1570714774,-5.3247046,7.6470804,2.8107927,0.2056023,-1.5073951,-1.4914157,-0.0047884034,-0.51235914,-0.5315128
1570714774,-7.680599,6.3589997,1.7381904,0.17790459,-1.5404193,-0.9055024,-2.303222,-1.484405,-0.93852705
1570714774,-8.42759,5.3821654,2.432509,-0.18003519,-1.7822418,-0.49429777,-3.2273839,-2.2984335,-0.22505496
1570714774,-6.9862804,7.3549876,0.5410896,-0.043677174,-1.2016549,-0.595501,-2.1021092,-0.35434186,-3.3662477
1570714774,-6.885724,7.627927,1.9057846,0.29402196,-0.82560515,-0.64450467,-1.733402,0.047884032,-1.5897499
1570714774,-6.799533,7.9248075,2.0590134,0.65196174,-0.7563608,-0.6785942,-1.5801731,0.39264908,-1.4413095
1570714774,-5.66947,7.575254,1.4413095,0.9289389,-0.50921196,-0.4868407,-0.3878607,0.047884032,-1.9776106
1570714774,-5.425261,7.4986396,2.231396,1.1941979,-0.21945117,-0.32171968,-0.095768064,-0.07182605,-0.9911995
1570714774,-5.3199162,7.608773,3.0502129,1.1963284,-0.43890235,-0.22477765,0.038307227,-0.033518825,0.05267244
1570714774,-4.951209,8.001422,2.8682537,1.1505207,-0.36433154,0.08415846,0.3878607,0.2633622,0.06703765
1570714774,-5.57849,8.643068,3.9121256,1.140933,-0.27058542,0.5592809,-0.34476504,0.7565677,1.3359646
1570714774,-6.411672,8.513782,3.3997664,0.907633,-0.6231987,0.82453984,-1.6711528,0.4357447,1.0007763
1570714774,-7.177817,7.0245876,2.3511062,0.72333664,-0.7265325,0.692443,-2.3942018,-1.2162545,0.02873042
1570714774,-7.3789296,7.6375036,2.2361844,0.8351928,-0.5539544,0.4570124,-2.7341783,-0.8331822,0.1436521
1570714774,-6.7468605,8.978256,2.480393,0.7957768,-0.3835069,0.32917675,-2.2601264,0.49799395,0.4261679
1570714774,-5.5018754,8.360553,2.3798366,0.8224092,-0.3526133,0.351548,-1.1540052,-0.4357447,-0.023942016
1570714774,-5.3582234,8.992621,2.0733786,0.53371376,-0.26738954,0.60082746,-1.1587936,0.05746084,0.272939
1570714774,-3.86903,9.787497,1.1348516,0.28763017,0.02130594,1.1249535,0.095768064,0.9768343,-0.5602432
1570714774,-4.5872903,10.103531,1.5610195,0.20027582,0.36965802,1.392343,-0.8571242,1.2066777,-0.1388637
1570714774,-4.7070007,9.093178,1.4460979,0.059656627,0.5656727,1.5681171,-1.2354081,0.21547815,-0.18195933
1570714774,-4.501099,9.825804,2.4133554,0.15233746,0.4452941,1.1686307,-1.5370775,0.4213795,0.7422025
1570714774,-3.7780502,9.787497,1.9201498,0.17896989,0.044742472,1.5468111,-1.2497733,0.59376204,0.80924016
1570714774,-3.3375173,9.141062,0.90021986,0.009587673,0.25141007,1.8600085,-1.2401965,-0.11492168,-0.37349546
1570714774,-2.9783869,8.99741,1.1971009,-0.06178722,0.5827174,1.707671,-1.4796166,-0.61291564,-0.25378537
1570714774,-2.3175871,10.251971,1.532289,-0.04793836,0.6871165,1.3539925,-1.115698,0.30645782,0.45968673
1570714774,-2.2361844,10.702082,1.2354081,-0.039415985,0.771275,1.3316212,-1.4748282,1.067814,-0.12928689
1570714774,-2.0925324,10.180145,1.2018893,-0.16725162,1.0631664,1.3603842,-1.7525556,0.6368576,-0.39743748
1570714774,-1.8291701,10.151415,2.1787236,-0.43357584,1.0908641,1.1771531,-1.5945383,0.641646,0.5315128
1570714774,-1.8483237,10.893618,1.0726024,-0.6359823,0.8362581,1.3827554,-2.0159178,1.2449849,-0.038307227
1570714774,-2.0207062,9.782708,1.0534488,-1.012032,1.3838208,1.2815522,-2.4037786,0.36391866,-0.9768343
1570714774,-3.0550013,7.97748,4.9224787,-0.75742614,0.96302843,1.0482522,-3.596091,-0.90500826,2.303222
1570714774,-2.7820623,7.9343843,3.7828386,-0.5933704,0.17790459,0.21518998,-3.7349546,-1.661576,1.5849615
1570714774,-2.2601264,7.929596,4.146757,-0.52945256,0.24608359,-0.3185238,-3.1268275,-1.5275006,1.7046716
1570714775,-1.5897499,8.259995,3.9025488,-0.5315832,0.49003658,-0.9768773,-2.3175871,-1.1587936,1.2018893
1570714775,-1.412579,8.887277,4.357447,-0.68072474,0.7936462,-1.0333381,-1.6950948,-0.7422025,1.3311762
1570714775,-0.8762778,8.690952,4.759673,-0.56993383,0.8735435,-1.0823417,-0.82360536,-0.78529817,1.6759412
1570714775,-0.41180268,8.255207,5.650316,-0.5784562,0.8469111,-1.0599705,0.023942016,-1.1061212,2.5474305
1570714775,-0.90021986,9.208099,5.755661,-0.7542302,1.0397298,-1.2400056,-0.04309563,0.0,2.4851813
1570714775,-0.94331545,9.44752,7.398083,-1.140933,0.84158456,-1.3497312,0.38307226,0.38307226,3.8881836
1570714775,-0.91937345,10.055647,6.7133417,-1.5723783,0.24075711,-1.3689066,0.81881696,1.2066777,2.8538885
1570714775,-1.1252748,10.199299,5.899313,-1.930318,0.015979454,-1.1217576,0.94810385,1.6424223,1.5753847
1570714775,-1.283292,9.610326,5.4061074,-2.0208683,-0.1384886,-0.8852618,1.0247183,1.3934253,0.5746084
1570714775,0.48362875,9.682152,-0.24899697,-0.21305938,-1.8823797,0.25567126,2.6527755,1.6472107,-5.434838
1570714775,1.3359646,9.270349,0.33997664,0.06604841,-0.11079088,0.8426499,3.6727054,1.3072342,-5.3199162
1570714775,-0.82360536,7.129933,4.5777135,-0.74464256,1.4051267,1.0748847,1.0342951,-0.91458505,-0.7086837
1570714775,-4.2425256,3.8067808,3.0502129,-0.79471153,1.3081846,0.67646354,-2.3750482,-4.146757,-2.3702598
1570714775,-1.2401965,6.4499793,5.90889,0.13635801,1.0919293,-0.33343795,0.8523358,-1.460463,0.50757074
1570714775,-1.0726024,5.803545,5.3342814,-0.16085984,1.1025823,0.012783563,1.2066777,-2.1068976,0.009576807
1570714775,-0.6703765,6.2823853,4.285621,-0.16725162,0.89165354,-0.23116943,1.7908629,-1.5897499,-1.0151415
1570714775,-0.4405331,7.1107793,4.687847,-0.33237264,0.8703476,-0.05219955,2.1978772,-0.7134721,-0.59855044
1570714775,-1.6089035,7.503428,5.8226986,-0.54117084,0.907633,0.15020686,0.81881696,-0.25378537,0.49320555
1570714775,-2.753332,6.9000893,4.3047748,-0.25673655,0.88952297,0.36007038,0.076614454,-0.80924016,-1.0486604
1570714775,-2.6767175,7.07726,5.5880666,0.27271602,1.0866029,0.82560515,0.16280572,-0.8858546,0.50278234
1570714775,-2.8395233,8.078036,6.4547677,0.5486279,1.0067056,1.3827554,-0.11971009,0.10055647,1.4317327
1570714775,-2.504335,7.8769236,4.9703627,0.49003658,0.75316495,1.3912778,0.22984336,-0.5410896,0.29688102
1570714775,-2.5953147,8.039729,4.3957543,0.35367858,0.85543346,1.1462595,-0.22984336,-0.5267244,0.17238252
1570714775,-3.5865142,8.446744,4.7740383,-0.19707993,1.0834069,1.3763636,-1.1540052,0.10534488,0.11492168
1570714775,-2.9975405,8.978256,5.209783,-0.4570124,1.2751604,1.6597326,-1.2018893,0.35913026,0.61291564
1570714775,-2.327164,8.7053175,5.4779334,-0.61361104,0.94704896,2.1135492,-0.7661445,0.545878,0.90021986
1570714775,-1.2545617,8.135497,4.295198,-0.5603462,1.0269462,1.7758499,0.01436521,-0.23942018,-0.07182605
1570714775,-1.1587936,7.603985,3.7732618,-0.6370476,1.434955,1.7598705,-0.20590134,-0.92895025,-1.1492168
1570714775,-0.7326257,8.561666,4.5872903,-0.70629185,1.7332381,1.6128596,0.10534488,-0.095768064,-0.6799533
1570714775,0.2681506,8.317456,4.003105,-0.6945736,1.2144386,1.8706614,0.80445176,0.320823,-0.4357447
1570714775,0.21068975,7.4124484,3.41892,-0.6828553,1.4839586,1.4040613,0.56982,-0.80445176,-1.7142484
1570714775,-0.33518824,8.111555,4.1276035,-0.71481425,1.9313834,0.93426543,0.033518825,-0.1340753,-1.4030021
1570714775,0.8523358,8.75799,5.21936,-0.9619631,1.9004897,0.94278777,1.0199299,0.58897364,-0.62728083
1570714776,-1.3455414,8.643068,3.3327289,-1.6128596,1.5798354,0.7339896,-2.255338,-1.2401965,1.9249382
1570714776,0.6464345,7.479486,6.38773,-1.4285632,1.9612117,0.85436815,1.043872,0.110133275,-0.29688102
1570714776,1.4460979,7.398083,5.616797,-1.1547819,1.5010034,0.5731298,2.2936451,0.10055647,-0.8379706
1570714776,0.9624691,8.015787,5.932832,-0.87460876,1.1036476,0.84478045,2.0350714,0.93373865,-1.0486604
1570714776,0.12928689,6.8043213,8.647857,-0.95983255,0.54649734,0.6583535,1.412579,-0.20590134,0.9768343
1570714776,-0.8810662,7.9343843,7.2544312,0.2791078,0.15233746,0.5859133,0.090979666,1.0007763,0.38307226
1570714776,0.15322891,6.5744777,5.1906295,0.5944357,0.8852618,0.29934844,1.2258313,-0.35913026,-1.7812861
1570714776,-0.58418524,7.656657,5.81791,-0.02130594,0.5305179,0.12463974,0.50278234,0.5315128,-0.8283938
1570714776,-1.8004397,7.326257,6.3589997,-0.16725162,0.25673655,0.23862651,-0.6847417,0.21547815,-0.30166942
1570714776,-1.292869,6.8905125,6.205771,0.22477765,0.53264844,-0.08096257,-0.12449849,-0.23463176,-0.4213795
1570714776,-0.91937345,7.0485296,6.2488666,0.3206544,0.25567126,-0.04261188,0.31603462,-0.076614454,-0.25378537
1570714776,-0.93373865,7.1107793,5.932832,0.10652969,0.089484945,-0.0074570784,0.35434186,-0.1340753,-0.5410896
1570714776,-1.8100165,7.0341644,5.434838,-0.039415985,0.29189137,-0.12463974,-0.47884035,-0.22026655,-1.0247183
1570714776,-1.7764976,7.603985,6.5936313,-0.045807768,0.091615535,0.026632423,-0.39264908,0.34955344,0.1340753
1570714776,-1.6376339,7.551312,6.143522,0.036220096,-0.2109288,0.12357444,-0.31124622,0.2825158,-0.30645782
1570714776,-1.2210429,7.465121,5.985504,0.036220096,-0.17790459,0.012783563,0.04309563,0.17717093,-0.45489833
